DeployID,Ptt,Instr,RecordType,MsgCount,Duplicates,Corrupt,AvgInterval,MinInterval,Date,Satellite,LocationQuality,Latitude,Longitude,Latitude2,Longitude2,IQ,Duration,Frequency,Power
PV2015_1008_14U0371,143961,UT,DS,5,0,1,115,91,18:01:29 09-Sep-2015,NN,1,53.7042,-166.5618,58.0591,171.0187,50,,401677455,-121
PV2015_1008_14U0371,143961,UT,DS,6,0,1,92,91,18:03:01 09-Sep-2015,NK,1,53.7034,-166.5648,53.7034,-166.5648,40,,401677453,-120
PV2015_1008_14U0371,143961,UT,DS,1,0,0,,,18:31:22 09-Sep-2015,SR,B,53.7025,-166.5614,53.7025,-166.5614,,,401677441,-132
PV2015_1008_14U0371,143961,UT,DS,1,0,0,,,18:57:35 09-Sep-2015,MA,B,53.7074,-166.5619,53.7074,-166.5619,,,401677424,-133
PV2015_1008_14U0371,143961,UT,DS,2,0,0,94,94,04:56:07 10-Sep-2015,SR,B,53.7023,-166.5499,53.7023,-166.5499,8,,401677428,-122
PV2015_1008_14U0371,143961,UT,DS,1,0,1,,,18:00:58 10-Sep-2015,SR,B,53.7247,-166.5638,53.7247,-166.5638,,,401677437,-138
PV2015_1008_14U0371,143961,UT,DS,1,0,0,,,20:12:07 10-Sep-2015,MA,B,53.7182,-166.5554,53.7182,-166.5554,8,,401677445,-129
PV2015_1008_14U0371,143961,UT,DS,1,0,0,,,23:52:05 10-Sep-2015,NP,B,53.7162,-166.4394,53.7162,-166.4394,8,,401677420,-137
PV2015_1008_14U0371,143961,UT,DS,4,0,0,101,96,02:01:38 11-Sep-2015,NN,2,53.7046,-166.5739,53.7046,-166.5739,58,,401677408,-121
PV2015_1008_14U0371,143961,UT,DS,1,0,0,,,20:53:26 11-Sep-2015,MB,B,53.6795,-166.7605,53.6795,-166.7605,,,401677403,-125
PV2015_1008_14U0371,143961,UT,DS,2,0,0,91,91,21:37:56 11-Sep-2015,MA,B,53.7214,-166.6594,53.7214,-166.6594,6,,401677438,-107
PV2015_1008_14U0371,143961,UT,DS,1,0,0,,,23:33:39 11-Sep-2015,NP,B,53.7541,-166.6309,53.7541,-166.6309,8,,401677434,-126
PV2015_1008_14U0371,143961,UT,DS,3,0,0,141,95,03:28:05 12-Sep-2015,NN,A,53.7057,-166.5974,53.7057,-166.5974,8,,401677447,-121
PV2015_1008_14U0371,143961,UT,DS,1,0,0,,,20:26:58 12-Sep-2015,MB,B,53.8760,-166.2609,53.8760,-166.2609,,,401677452,-127
PV2015_1008_14U0371,143961,UT,DS,1,0,0,,,21:11:20 12-Sep-2015,MA,B,53.8909,-166.1277,53.8909,-166.1277,8,,401677410,-127
PV2015_1008_14U0371,143961,UT,DS,1,0,0,,,05:05:22 13-Sep-2015,SR,B,53.6524,-166.5910,53.6524,-166.5910,8,,401677398,-126
PV2015_1008_14U0371,143961,UT,DS,1,0,0,,,23:05:34 14-Sep-2015,NP,,,,,,,,401650000,-130
PV2015_1008_14U0371,143961,UT,DS,1,0,0,,,05:39:15 15-Sep-2015,SR,,,,,,,,401650000,-125
PV2015_1008_14U0371,143961,UT,DS,3,0,1,106,98,16:33:04 16-Sep-2015,SR,A,53.7288,-166.4868,53.7288,-166.4868,,,401677448,-115
PV2015_1008_14U0371,143961,UT,DS,2,0,1,92,92,18:11:00 16-Sep-2015,SR,B,53.6723,-166.5151,53.6723,-166.5151,7,,401677468,-130
PV2015_1008_14U0371,143961,UT,DS,1,0,0,,,21:33:21 16-Sep-2015,MA,B,53.6943,-166.4211,53.6943,-166.4211,8,,401677464,-120
PV2015_1008_14U0371,143961,UT,DS,1,0,0,,,21:16:16 17-Sep-2015,MA,B,53.8224,-165.6985,53.8224,-165.6985,,,401677464,-124
PV2015_1008_14U0371,143961,UT,DS,1,0,0,,,22:03:25 17-Sep-2015,MB,B,53.7034,-166.6370,53.7034,-166.6370,8,,401677422,-129
PV2015_1008_14U0371,143961,UT,DS,1,0,0,,,23:07:19 19-Sep-2015,MB,,,,,,,,401650000,-129
PV2015_1008_14U0371,143961,UT,DS,1,0,0,,,23:51:01 19-Sep-2015,NP,,,,,,,,401650000,-125
PV2015_1008_14U0371,143961,UT,DS,1,0,1,,,02:01:42 20-Sep-2015,NN,,,,,,,,401650000,-125
PV2015_1008_14U0371,143961,UT,DS,1,0,0,,,04:12:12 21-Sep-2015,SR,,,,,,,,401650000,-130
PV2015_1008_14U0371,143961,UT,DS,2,0,1,188,188,04:15:20 21-Sep-2015,NK,,,,53.6588,-167.0058,,,401677401,-125
PV2015_1008_14U0371,143961,UT,DS,1,0,0,,,20:24:01 22-Sep-2015,MB,,,,,,,,401650000,-129
PV2015_1008_14U0371,143961,UT,DS,1,0,0,,,21:07:44 22-Sep-2015,MA,,,,,,,,401650000,-116
PV2015_1008_14U0371,143961,UT,DS,1,0,0,,,22:04:44 22-Sep-2015,MB,,,,,,,,401650000,-125
PV2015_1008_14U0371,143961,UT,DS,1,0,0,,,22:48:29 22-Sep-2015,MA,,,,,,,,401650000,-115
PV2015_1008_14U0371,143961,UT,DS,1,0,0,,,03:28:22 23-Sep-2015,NK,,,,,,,,401650000,-125
PV2015_1008_14U0371,143961,UT,DS,3,0,1,180,180,20:00:22 23-Sep-2015,MB,A,53.7196,-166.5711,53.7196,-166.5711,,,401677435,-126
PV2015_1008_14U0371,143961,UT,DS,5,0,0,91,88,20:43:34 23-Sep-2015,MA,1,53.7217,-166.5714,53.7217,-166.5714,48,,401677448,-109
PV2015_1008_14U0371,143961,UT,DS,2,0,0,182,182,04:13:09 26-Sep-2015,NN,B,53.6956,-166.6123,53.6956,-166.6123,,,401677445,-131
PV2015_1008_14U0371,143961,UT,DS,1,0,0,,,04:55:21 26-Sep-2015,SR,B,53.7013,-166.6325,53.7013,-166.6325,8,,401677432,-125
PV2015_1008_14U0371,143961,UT,DS,1,0,0,,,03:28:02 27-Sep-2015,NK,B,53.7037,-166.6150,53.7037,-166.6150,,,401677434,-131
PV2015_1008_14U0371,143961,UT,DS,2,0,2,92,92,17:51:44 27-Sep-2015,NN,B,53.6692,-166.6938,53.6692,-166.6938,,,401677433,-129
PV2015_1008_14U0371,143961,UT,DS,1,0,0,,,19:20:46 27-Sep-2015,MA,B,53.6529,-166.7514,53.6529,-166.7514,8,,401677437,-127
PV2015_1008_14U0371,143961,UT,DS,2,0,0,179,179,04:14:39 29-Sep-2015,NK,B,53.6841,-166.6616,53.6841,-166.6616,,,401677419,-120
PV2015_1008_14U0371,143961,UT,DS,1,0,0,,,03:28:01 30-Sep-2015,NN,B,53.6717,-167.0023,53.6717,-167.0023,,,401677407,-123
PV2015_1008_14U0371,143961,UT,DS,4,0,0,91,90,21:00:41 30-Sep-2015,MB,1,53.7074,-166.5388,53.7431,-166.6146,40,,401677434,-123
PV2015_1008_14U0371,143961,UT,DS,4,0,0,92,91,21:41:38 30-Sep-2015,MA,1,53.7133,-166.5701,53.7133,-166.5701,48,,401677420,-109
PV2015_1008_14U0371,143961,UT,DS,1,0,0,,,23:24:27 30-Sep-2015,NP,B,53.7085,-166.6072,53.7085,-166.6072,8,,401677412,-137
PV2015_1008_14U0371,143961,UT,DS,2,0,0,187,187,18:09:36 02-Oct-2015,SR,B,53.7684,-166.6279,53.7684,-166.6279,,,401677420,-131
PV2015_1008_14U0371,143961,UT,DS,1,0,0,,,21:03:07 02-Oct-2015,MA,B,53.7426,-166.6704,53.7426,-166.6704,8,,401677435,-119
PV2015_1008_14U0371,143961,UT,DS,2,0,0,333,333,18:26:11 03-Oct-2015,NN,B,53.7235,-166.5805,53.7235,-166.5805,,,401677419,-125
PV2015_1008_14U0371,143961,UT,DS,2,0,0,181,181,20:39:57 03-Oct-2015,MA,B,53.7525,-166.6163,53.7525,-166.6163,8,,401677455,-115
PV2015_1008_14U0371,143961,UT,DS,1,0,0,,,22:49:38 03-Oct-2015,NP,B,53.7227,-166.5893,53.7227,-166.5893,8,,401677426,-136
PV2015_1008_14U0371,143961,UT,DS,4,0,0,106,92,17:38:54 04-Oct-2015,NK,2,53.7100,-166.5416,53.7100,-166.5416,50,,401677459,-120
PV2015_1008_14U0371,143961,UT,DS,1,0,0,,,18:19:04 04-Oct-2015,NN,B,53.6775,-166.6915,53.6775,-166.6915,,,401677434,-127
PV2015_1008_14U0371,143961,UT,DS,2,0,0,191,191,21:14:05 04-Oct-2015,MB,B,53.7111,-166.6045,53.7111,-166.6045,8,,401677439,-118
PV2015_1008_14U0371,143961,UT,DS,3,0,0,141,93,21:57:51 04-Oct-2015,MA,A,53.7159,-166.5814,53.7159,-166.5814,8,,401677434,-122
PV2015_1008_14U0371,143961,UT,DS,1,0,0,,,22:41:35 04-Oct-2015,NP,B,53.7170,-166.5735,53.7170,-166.5735,8,,401677429,-128
PV2015_1008_14U0371,143961,UT,DS,3,0,0,160,94,02:04:46 07-Oct-2015,NN,A,53.7121,-166.5625,53.7121,-166.5625,,,401677449,-127
PV2015_1008_14U0371,143961,UT,DS,1,0,0,,,23:45:13 07-Oct-2015,NP,B,53.7043,-166.5603,53.7043,-166.5603,,,401677448,-120
PV2015_1008_14U0371,143961,UT,DS,1,0,0,,,03:31:10 08-Oct-2015,NN,B,53.7141,-166.4834,53.7141,-166.4834,8,,401677438,-132
PV2015_1008_14U0371,143961,UT,DS,1,0,1,,,18:57:00 08-Oct-2015,MA,B,53.7214,-166.3708,53.7214,-166.3708,,,401677443,-136
PV2015_1008_14U0371,143961,UT,DS,1,0,0,,,21:55:57 08-Oct-2015,NP,B,53.7294,-166.5149,53.7294,-166.5149,8,,401677450,-140
PV2015_1008_14U0371,143961,UT,DS,1,0,0,,,21:50:04 12-Oct-2015,MB,,,,,,,,401650000,-133
PV2015_1008_14U0371,143961,UT,DS,2,0,0,182,182,22:32:17 12-Oct-2015,MA,B,53.7157,-166.5494,53.7157,-166.5494,,,401677449,-114
PV2015_1008_14U0371,143961,UT,DS,1,0,0,,,02:09:04 13-Oct-2015,NP,B,53.6974,-166.4996,53.6974,-166.4996,8,,401677438,-131
PV2015_1008_14U0371,143961,UT,DS,1,0,0,,,18:53:06 13-Oct-2015,MA,B,53.6769,-166.4129,53.6769,-166.4129,,,401677437,-130
PV2015_1008_14U0371,143961,UT,DS,3,0,0,115,114,18:56:52 13-Oct-2015,NK,A,53.7048,-166.5810,,,,,401677441,-123
PV2015_1008_14U0371,143961,UT,DS,2,0,1,113,113,02:00:48 14-Oct-2015,NP,B,53.6902,-166.5783,53.6902,-166.5783,8,,401677435,-126
PV2015_1008_14U0371,143961,UT,DS,4,0,0,152,113,18:28:12 14-Oct-2015,NK,1,53.7193,-166.5828,53.7193,-166.5828,40,,401677473,-117
PV2015_1008_14U0371,143961,UT,DS,1,0,0,,,18:32:00 14-Oct-2015,SR,B,53.7156,-166.5529,53.7156,-166.5529,,,401677463,-132
PV2015_1008_14U0371,143961,UT,DS,1,0,0,,,22:52:21 14-Oct-2015,MB,B,53.7206,-166.5428,53.7206,-166.5428,8,,401677451,-129
PV2015_1008_14U0371,143961,UT,DS,1,0,0,,,20:30:00 16-Oct-2015,MB,,,,,,,,401650000,-132
PV2015_1008_14U0371,143961,UT,DS,1,0,0,,,21:14:34 16-Oct-2015,MA,,,,,,,,401650000,-128
PV2015_1008_14U0371,143961,UT,DS,1,0,1,,,22:04:08 16-Oct-2015,NP,,,,,,,,401650000,-135
PV2015_1008_14U0371,143961,UT,DS,1,0,1,,,22:04:08 16-Oct-2015,MB,,,,,,,,401650000,-135
PV2015_1008_14U0371,143961,UT,DS,1,0,0,,,22:49:22 16-Oct-2015,MA,,,,,,,,401650000,-116
PV2015_1008_14U0371,143961,UT,DS,1,0,0,,,20:52:29 17-Oct-2015,MA,,,,,,,,401650000,-115
PV2015_1008_14U0371,143961,UT,DS,3,0,1,170,114,19:42:08 18-Oct-2015,MB,A,53.7212,-166.5354,53.7212,-166.5354,,,401677453,-130
PV2015_1008_14U0371,143961,UT,DS,2,0,0,181,181,20:27:30 18-Oct-2015,MA,B,53.7018,-166.5679,53.7018,-166.5679,8,,401677431,-114
PV2015_1008_14U0371,143961,UT,DS,3,0,0,229,190,23:19:07 18-Oct-2015,NP,A,53.7107,-166.5623,53.7107,-166.5623,8,,401677450,-120
PV2015_1008_14U0371,143961,UT,DS,1,0,0,,,20:07:03 19-Oct-2015,MA,B,53.6587,-166.7521,53.6587,-166.7521,,,401677443,-121
PV2015_1008_14U0371,143961,UT,DS,3,0,0,115,113,19:48:09 20-Oct-2015,MA,A,53.7526,-166.5576,53.7526,-166.5576,,,401677478,-126
PV2015_1008_14U0371,143961,UT,DS,1,0,0,,,21:02:57 24-Oct-2015,MB,,,,,,,,401650000,-126
PV2015_1008_14U0371,143961,UT,DS,2,0,0,93,93,21:47:27 24-Oct-2015,MA,B,53.7582,-166.7144,53.7582,-166.7144,,,401677472,-112
PV2015_1008_14U0371,143961,UT,DS,1,0,0,,,23:57:44 24-Oct-2015,NP,B,53.7056,-166.5480,53.7056,-166.5480,8,,401677441,-129
PV2015_1008_14U0371,143961,UT,DS,1,0,0,,,15:09:27 27-Oct-2015,NP,,,,,,,,401650000,-130
PV2015_1008_14U0371,143961,UT,DS,2,0,1,115,115,15:00:52 28-Oct-2015,NP,B,53.7411,-166.6569,53.7411,-166.6569,,,401677435,-135
PV2015_1008_14U0371,143961,UT,DS,1,0,0,,,15:07:29 29-Oct-2015,NN,,,,,,,,401650000,-130
PV2015_1008_14U0371,143961,UT,DS,2,0,0,92,92,17:18:05 29-Oct-2015,NK,B,53.7269,-166.6590,53.7269,-166.6590,,,401677430,-135
PV2015_1008_14U0371,143961,UT,DS,1,0,0,,,17:18:52 29-Oct-2015,SR,B,53.7107,-166.5684,53.7107,-166.5684,,,401677425,-137
PV2015_1008_14U0371,143961,UT,DS,1,0,0,,,21:37:31 29-Oct-2015,MA,B,53.6818,-166.4857,53.6818,-166.4857,8,,401677426,-126
PV2015_1008_14U0371,143961,UT,DS,1,0,0,,,23:01:01 30-Oct-2015,MA,,,,,,,,401650000,-118
PV2015_1008_14U0371,143961,UT,DS,3,0,0,113,112,21:03:09 31-Oct-2015,MA,A,53.7101,-166.5998,53.7101,-166.5998,,,401677460,-109
PV2015_1008_14U0371,143961,UT,DS,1,0,0,,,22:33:59 31-Oct-2015,NP,B,53.6992,-166.5806,53.6992,-166.5806,8,,401677445,-131
PV2015_1008_14U0371,143961,UT,DS,1,0,0,,,21:35:47 01-Nov-2015,MB,B,53.7197,-166.5807,53.7197,-166.5807,,,401677442,-129
PV2015_1008_14U0371,143961,UT,DS,1,0,0,,,22:17:57 01-Nov-2015,MA,B,53.6965,-166.4738,53.6965,-166.4738,8,,401677442,-131
PV2015_1008_14U0371,143961,UT,DS,2,0,1,183,183,18:59:06 02-Nov-2015,NK,B,53.7347,-166.5428,53.7347,-166.5428,,,401677435,-128
PV2015_1008_14U0371,143961,UT,DS,3,0,0,102,91,17:29:06 03-Nov-2015,NN,A,53.6878,-166.4570,53.6878,-166.4570,,,401677456,-118
PV2015_1008_14U0371,143961,UT,DS,1,0,0,,,19:04:12 06-Nov-2015,NK,,,,,,,,401650000,-133
PV2015_1008_14U0371,143961,UT,DS,1,0,1,,,19:48:12 06-Nov-2015,MB,,,,,,,,401650000,-133
PV2015_1008_14U0371,143961,UT,DS,2,0,0,365,365,20:37:53 06-Nov-2015,MA,B,53.7485,-166.4827,,,,,401677455,-118
PV2015_1008_14U0371,143961,UT,DS,4,0,0,152,96,20:12:12 07-Nov-2015,MA,2,53.7129,-166.5785,53.7129,-166.5785,50,,401677444,-114
PV2015_1008_14U0371,143961,UT,DS,1,0,0,,,02:45:31 08-Nov-2015,NK,B,53.7057,-166.5794,53.7057,-166.5794,8,,401677435,-130
PV2015_1008_14U0371,143961,UT,DS,3,0,0,113,112,18:11:10 08-Nov-2015,NK,A,53.7122,-166.5906,53.7122,-166.5906,,,401677453,-121
PV2015_1008_14U0371,143961,UT,DS,3,0,0,113,113,18:14:57 08-Nov-2015,NN,A,53.7103,-166.5948,53.7103,-166.5948,,,401677444,-124
PV2015_1008_14U0371,143961,UT,DS,1,0,1,,,22:44:12 08-Nov-2015,NP,B,53.6959,-166.6058,53.6959,-166.6058,8,,401677427,-138
PV2015_1008_14U0371,143961,UT,DS,1,0,0,,,23:13:33 08-Nov-2015,MA,B,53.6994,-166.5950,53.6994,-166.5950,,,401677424,-125
PV2015_1008_14U0371,143961,UT,DS,1,0,0,,,18:14:20 12-Nov-2015,NK,,,,,,,,401650000,-133
PV2015_1008_14U0371,143961,UT,DS,1,0,0,,,18:20:05 12-Nov-2015,SR,,,,,,,,401650000,
PV2015_1008_14U0371,143961,UT,DS,2,0,0,281,281,22:25:29 13-Nov-2015,MB,B,53.7118,-166.8053,53.7118,-166.8053,,,401677415,-127
PV2015_1008_14U0371,143961,UT,DS,1,0,1,,,23:11:30 13-Nov-2015,MA,B,53.7145,-166.7249,,,8,,401677417,-133
PV2015_1008_14U0371,143961,UT,DS,5,0,0,109,92,21:10:49 14-Nov-2015,MA,1,53.7111,-166.5822,53.7111,-166.5822,40,,401677450,-111
PV2015_1008_14U0371,143961,UT,DS,1,0,1,,,22:32:43 15-Nov-2015,MA,,,,,,,,401650000,-131
PV2015_1008_14U0371,143961,UT,DS,1,0,0,,,22:46:00 17-Nov-2015,NP,,,,,,,,401650000,-135
PV2015_1008_14U0371,143961,UT,DS,1,0,1,,,02:09:24 18-Nov-2015,NP,,,,,,,,401650000,-134
PV2015_1008_14U0371,143961,UT,DS,2,0,0,118,118,23:10:21 18-Nov-2015,MA,B,53.6806,-166.5550,53.6806,-166.5550,,,401677452,-118
PV2015_1008_14U0371,143961,UT,DS,1,0,0,,,22:25:42 19-Nov-2015,NP,B,53.6823,-166.5564,53.6823,-166.5564,,,401677452,-137
PV2015_1008_14U0371,143961,UT,DS,2,0,0,228,228,02:01:55 20-Nov-2015,NN,B,53.6917,-166.5034,53.6917,-166.5034,8,,401677462,-132
PV2015_1008_14U0371,143961,UT,DS,1,0,0,,,02:45:59 20-Nov-2015,NK,B,53.6847,-166.4793,53.6847,-166.4793,8,,401677457,-132
PV2015_1008_14U0371,143961,UT,DS,1,0,1,,,20:00:19 20-Nov-2015,MB,B,53.6897,-166.3288,53.6897,-166.3288,,,401677413,-132
PV2015_1008_14U0371,143961,UT,DS,3,0,0,226,183,20:51:31 20-Nov-2015,MA,A,53.7113,-166.6186,53.7134,-166.5657,6,,401677455,-121
PV2015_1008_14U0371,143961,UT,DS,1,0,1,,,21:39:52 20-Nov-2015,MB,B,53.7162,-166.6724,53.7162,-166.6724,8,,401677458,-135
PV2015_1008_14U0371,143961,UT,DS,2,0,0,173,173,20:25:38 21-Nov-2015,MA,B,53.7162,-166.5886,53.7162,-166.5886,,,401677447,-111
PV2015_1008_14U0371,143961,UT,DS,1,0,0,,,03:31:36 22-Nov-2015,NK,B,53.7313,-166.9287,53.7313,-166.9287,8,,401677435,-133
PV2015_1008_14U0371,143961,UT,DS,1,0,0,,,19:04:23 22-Nov-2015,NK,B,53.6844,-166.7344,53.6844,-166.7344,,,401677442,-128
PV2015_1008_14U0371,143961,UT,DS,1,0,0,,,02:45:13 25-Nov-2015,NN,,,,,,,,401650000,-130
PV2015_1008_14U0371,143961,UT,DS,1,0,0,,,22:29:02 25-Nov-2015,MA,,,,,,,,401650000,-130
PV2015_1008_14U0371,143961,UT,DS,1,0,0,,,18:00:37 27-Nov-2015,NN,,,,,,,,401650000,-132
PV2015_1008_14U0371,143961,UT,DS,3,0,0,94,92,21:42:27 27-Nov-2015,MA,A,53.7223,-166.5686,53.7223,-166.5686,,,401677438,-115
PV2015_1008_14U0371,143961,UT,DS,1,0,0,,,02:00:06 29-Nov-2015,NN,,,,,,,,401650000,-133
PV2015_1008_14U0371,143961,UT,DS,2,0,0,96,96,21:01:51 29-Nov-2015,MA,B,53.7067,-166.5962,53.7067,-166.5962,,,401677439,-113
PV2015_1008_14U0371,143961,UT,DS,1,0,0,,,19:06:07 30-Nov-2015,NN,B,53.7154,-166.6003,53.7154,-166.6003,,,401677435,-130
PV2015_1008_14U0371,143961,UT,DS,1,0,0,,,19:06:07 30-Nov-2015,NK,B,53.7157,-166.6004,53.7157,-166.6004,,,401677435,-130
PV2015_1008_14U0371,143961,UT,DS,2,0,0,90,90,20:37:20 30-Nov-2015,MA,B,53.7277,-166.5863,53.7277,-166.5863,8,,401677438,-121
PV2015_1008_14U0371,143961,UT,DS,1,0,1,,,22:00:46 30-Nov-2015,NP,B,53.7293,-166.4920,53.7293,-166.4920,8,,401677431,-138
PV2015_1008_14U0371,143961,UT,DS,1,0,0,,,02:47:57 03-Dec-2015,NN,,,,,,,,401650000,-137
PV2015_1008_14U0371,143961,UT,DS,2,0,1,183,183,04:13:47 03-Dec-2015,SR,B,53.8519,-166.4226,,,,,401677447,-121
PV2015_1008_14U0371,143961,UT,DS,3,0,1,116,114,15:46:45 10-Jan-2016,SR,A,53.7302,-166.5495,53.7302,-166.5495,,,401677478,-119
PV2015_1008_14U0371,143961,UT,DS,4,0,0,113,112,16:11:33 10-Jan-2016,NN,1,53.7521,-166.5069,53.7521,-166.5069,50,,401677461,-121
PV2015_1008_14U0371,143961,UT,DS,4,0,0,115,94,17:05:16 10-Jan-2016,NK,1,53.7466,-166.5268,53.7466,-166.5268,48,,401677459,-121
PV2015_1008_14U0371,143961,UT,DS,2,0,0,176,176,17:24:17 10-Jan-2016,SR,B,53.7561,-166.5108,53.7561,-166.5108,,,401677449,-125
PV2015_1008_14U0371,143961,UT,DS,4,0,0,168,120,17:52:27 10-Jan-2016,NN,1,53.7585,-166.4838,53.7585,-166.4838,40,,401677459,-121
PV2015_1008_14U0371,143961,UT,DS,2,0,0,134,134,18:45:14 10-Jan-2016,NK,B,53.7459,-166.4944,53.7459,-166.4944,8,,401677454,-130
PV2015_1008_14U0371,143961,UT,DS,4,0,0,101,92,19:56:19 10-Jan-2016,MA,1,53.7566,-166.5102,53.7625,-166.4823,58,,401677446,-120
PV2015_1008_14U0371,143961,UT,DS,6,0,0,122,95,21:28:41 10-Jan-2016,MA,1,53.7683,-166.5273,53.7683,-166.5273,47,,401677471,-113
PV2015_1008_14U0371,143961,UT,DS,5,0,1,111,93,22:25:53 10-Jan-2016,MB,1,53.7668,-166.5284,53.7668,-166.5284,48,,401677448,-125
PV2015_1008_14U0371,143961,UT,DS,2,0,0,97,97,22:40:48 10-Jan-2016,NP,B,53.7669,-166.5262,53.7669,-166.5262,,,401677445,-129
PV2015_1008_14U0371,143961,UT,DS,3,0,0,115,114,02:02:32 11-Jan-2016,NP,A,53.7580,-166.5246,53.7580,-166.5246,8,,401677450,-121
PV2015_1008_14U0371,143961,UT,DS,4,0,0,112,109,02:05:21 11-Jan-2016,NN,1,53.7623,-166.5241,53.7623,-166.5241,40,,401677444,-129
PV2015_1008_14U0371,143961,UT,DS,5,0,1,115,114,02:53:45 11-Jan-2016,NK,1,53.7707,-166.5047,53.7609,-166.5219,48,,401677425,-124
PV2015_1008_14U0371,143961,UT,DS,4,0,0,113,113,15:16:39 11-Jan-2016,SR,1,53.7680,-166.4897,53.7680,-166.4897,50,,401677448,-120
PV2015_1008_14U0371,143961,UT,DS,3,0,0,284,228,15:58:34 11-Jan-2016,NN,A,53.7588,-166.5143,53.7588,-166.5143,,,401677446,-128
PV2015_1008_14U0371,143961,UT,DS,3,0,0,113,112,15:57:38 11-Jan-2016,NP,A,53.7856,-166.4922,53.7856,-166.4922,8,,401677456,-124
PV2015_1008_14U0371,143961,UT,DS,7,0,0,110,91,16:34:32 11-Jan-2016,NK,2,53.7617,-166.5128,53.7617,-166.5128,48,,401677438,-119
PV2015_1008_14U0371,143961,UT,DS,5,0,1,123,97,16:55:00 11-Jan-2016,SR,3,53.7639,-166.5042,53.7639,-166.5042,50,,401677438,-119
PV2015_1008_14U0371,143961,UT,DS,5,0,0,152,97,17:35:57 11-Jan-2016,NN,0,53.7322,-166.3722,53.7322,-166.3722,47,,401677452,-121
PV2015_1008_14U0371,143961,UT,DS,5,0,0,126,102,18:17:44 11-Jan-2016,NK,0,53.7597,-166.5447,53.7597,-166.5447,48,,401677450,-124
PV2015_1008_14U0371,143961,UT,DS,1,0,0,,,19:18:46 11-Jan-2016,NN,B,53.7806,-166.5521,53.7806,-166.5521,8,,401677447,-133
PV2015_1008_14U0371,143961,UT,DS,3,0,0,146,99,19:27:46 11-Jan-2016,MA,A,53.7693,-166.5401,53.7693,-166.5401,,,401677457,-121
PV2015_1008_14U0371,143961,UT,DS,2,0,0,146,146,20:22:09 11-Jan-2016,MB,B,53.7600,-166.5624,53.7600,-166.5624,8,,401677457,-125
PV2015_1008_14U0371,143961,UT,DS,7,0,0,111,92,21:16:45 11-Jan-2016,MA,1,53.7688,-166.5502,53.7706,-166.5423,48,,401677451,-112
PV2015_1008_14U0371,143961,UT,DS,4,0,0,118,112,22:06:04 11-Jan-2016,MB,1,53.7585,-166.5077,53.7585,-166.5077,58,,401677452,-127
PV2015_1008_14U0371,143961,UT,DS,3,0,0,102,93,22:29:47 11-Jan-2016,NP,A,53.7642,-166.4991,53.7642,-166.4991,,,401677451,-127
PV2015_1008_14U0371,143961,UT,DS,4,0,0,104,93,22:52:22 11-Jan-2016,MA,3,53.7567,-166.5109,53.7567,-166.5109,50,,401677450,-118
PV2015_1008_14U0371,143961,UT,DS,3,0,0,115,114,03:19:39 12-Jan-2016,SR,A,53.7582,-166.5066,53.7582,-166.5066,8,,401677458,-133
PV2015_1008_14U0371,143961,UT,DS,4,0,0,114,113,03:30:07 12-Jan-2016,NN,0,53.7546,-166.5176,53.7546,-166.5176,40,,401677460,-118
PV2015_1008_14U0371,143961,UT,DS,1,0,1,,,20:01:43 12-Jan-2016,MB,B,53.7525,-166.4645,53.7525,-166.4645,,,401677456,-132
PV2015_1008_14U0371,143961,UT,DS,5,0,0,115,114,20:56:48 12-Jan-2016,MA,1,53.7499,-166.4637,53.7499,-166.4637,48,,401677445,-111
PV2015_1008_14U0371,143961,UT,DS,5,0,0,117,97,21:43:43 12-Jan-2016,MB,1,53.7598,-166.5076,53.7598,-166.5076,58,,401677449,-121
PV2015_1008_14U0371,143961,UT,DS,4,0,0,110,104,22:16:20 12-Jan-2016,NP,1,53.7637,-166.5295,53.7637,-166.5295,58,,401677439,-128
PV2015_1008_14U0371,143961,UT,DS,5,0,0,113,90,22:27:53 12-Jan-2016,MA,2,53.7639,-166.5137,53.7639,-166.5137,50,,401677438,-116
PV2015_1008_14U0371,143961,UT,DS,2,0,0,215,215,23:53:37 12-Jan-2016,NP,B,53.7145,-166.5541,53.7145,-166.5541,8,,401677449,-139
PV2015_1008_14U0371,143961,UT,DS,3,0,0,184,96,22:03:53 16-Jan-2016,MB,A,53.7533,-166.5362,53.7533,-166.5362,,,401677438,-131
PV2015_1008_14U0371,143961,UT,DS,1,0,0,,,02:31:40 17-Jan-2016,NN,B,53.7351,-166.5880,53.7351,-166.5880,8,,401677438,-135
PV2015_1008_14U0371,143961,UT,DS,1,0,0,,,02:31:40 17-Jan-2016,NP,B,53.7425,-166.5535,53.7425,-166.5535,,,401677429,-134
PV2015_1008_14U0371,143961,UT,DS,2,0,0,92,92,03:37:25 17-Jan-2016,NK,B,53.7478,-166.5587,53.7478,-166.5587,8,,401677434,-133
PV2015_1008_14U0371,143961,UT,DS,1,0,1,,,03:58:53 17-Jan-2016,SR,B,53.7475,-166.5688,53.7475,-166.5688,,,401677423,-138
PV2015_1008_14U0371,143961,UT,DS,2,0,0,278,278,04:15:42 17-Jan-2016,NN,B,53.7599,-166.5042,53.7599,-166.5042,,,401677434,-131
PV2015_1008_14U0371,143961,UT,DS,1,0,0,,,21:43:47 17-Jan-2016,MB,B,53.7163,-166.6731,53.7163,-166.6731,,,401677436,-130
PV2015_1008_14U0371,143961,UT,DS,1,0,0,,,22:27:25 17-Jan-2016,MA,B,53.7290,-166.4680,53.7290,-166.4680,8,,401677439,-123
PV2015_1008_14U0371,143961,UT,DS,1,0,0,,,23:02:33 18-Jan-2016,MB,,,,,,,,401650000,-129
PV2015_1008_14U0371,143961,UT,DS,2,0,0,190,190,20:08:53 19-Jan-2016,MA,B,53.7464,-164.9087,53.7464,-164.9087,,,401677663,-127
PV2015_1008_14U0371,143961,UT,DS,1,0,1,,,20:55:41 19-Jan-2016,MB,,,,,,,,401650000,-135
PV2015_1008_14U0371,143961,UT,DS,2,0,0,114,114,02:01:38 20-Jan-2016,NN,B,53.7274,-166.5836,53.7274,-166.5836,,,401677415,-133
PV2015_1008_14U0371,143961,UT,DS,2,0,0,113,113,02:01:38 20-Jan-2016,NP,B,53.6910,-166.6418,53.6910,-166.6418,8,,401677440,-127
PV2015_1008_14U0371,143961,UT,DS,1,0,0,,,08:28:19 20-Jan-2016,MB,B,53.6744,-166.9395,53.6744,-166.9395,8,,401677403,-120
PV2015_1008_14U0371,143961,UT,DS,1,0,1,,,02:00:41 21-Jan-2016,NK,B,53.6931,-166.9518,53.6931,-166.9518,,,401677409,-137
PV2015_1008_14U0371,143961,UT,DS,1,0,0,,,03:28:13 21-Jan-2016,NN,B,53.6912,-166.9956,53.6912,-166.9956,8,,401677411,-121
PV2015_1008_14U0371,143961,UT,DS,3,0,0,102,93,15:02:25 21-Jan-2016,SR,A,53.7199,-166.5717,53.7199,-166.5717,8,,401677436,-122
PV2015_1008_14U0371,143961,UT,DS,1,0,0,,,15:44:39 21-Jan-2016,NN,B,53.7270,-166.5394,53.7270,-166.5394,8,,401677432,-131
PV2015_1008_14U0371,143961,UT,DS,1,0,0,,,20:21:02 21-Jan-2016,MB,B,53.7194,-166.4306,53.7194,-166.4306,8,,401677485,-132
PV2015_1008_14U0371,143961,UT,DS,2,0,0,96,96,21:05:23 21-Jan-2016,MA,B,53.7120,-166.5697,53.7120,-166.5697,8,,401677455,-113
PV2015_1008_14U0371,143961,UT,DS,1,0,0,,,23:59:11 21-Jan-2016,NP,B,53.6949,-166.5741,53.6949,-166.5741,8,,401677432,-136
PV2015_1008_14U0371,143961,UT,DS,1,0,0,,,04:56:54 22-Jan-2016,NN,B,53.7074,-166.5562,53.7074,-166.5562,8,,401677429,-123
PV2015_1008_14U0371,143961,UT,DS,1,0,0,,,04:56:54 22-Jan-2016,NK,B,53.7054,-166.5584,53.7054,-166.5584,,,401677429,-116
PV2015_1008_14U0371,143961,UT,DS,2,0,0,92,92,07:44:18 22-Jan-2016,MB,B,53.7141,-166.5586,53.7141,-166.5586,8,,401677417,-127
PV2015_1008_14U0371,143961,UT,DS,1,0,0,,,20:45:37 22-Jan-2016,MA,B,53.6921,-166.5963,53.6921,-166.5963,,,401677420,-114
PV2015_1008_14U0371,143961,UT,DS,1,0,0,,,23:40:11 22-Jan-2016,NP,B,53.7058,-166.5856,53.7058,-166.5856,8,,401677439,-132
PV2015_1008_14U0371,143961,UT,DS,6,0,0,115,113,02:58:10 16-Feb-2016,NK,1,57.0431,-165.8972,57.0431,-165.8972,40,,401677466,-119
PV2015_1008_14U0371,143961,UT,DS,1,0,1,,,03:14:11 16-Feb-2016,SR,B,57.0440,-165.8968,57.0440,-165.8968,6,,401650000,-138
PV2015_1008_14U0371,143961,UT,DS,5,0,0,113,111,18:45:57 23-Feb-2016,NK,0,54.2867,-165.4988,54.2867,-165.4988,40,,401677486,-118
PV2015_1008_14U0371,143961,UT,DS,1,0,0,,,19:22:11 23-Feb-2016,NN,,,,,,,,401650000,-137
PV2015_1008_14U0371,143961,UT,DS,5,0,0,133,92,19:41:18 23-Feb-2016,MA,0,54.3078,-165.6769,54.3078,-165.6769,40,,401677461,-119
PV2015_1008_14U0371,143961,UT,DS,4,0,2,126,95,20:33:19 23-Feb-2016,MB,1,54.2758,-165.5802,54.2758,-165.5802,58,,401677535,-130
PV2015_1008_14U0371,143961,UT,DS,5,0,0,162,96,21:28:47 23-Feb-2016,MA,0,54.2884,-165.6187,54.2673,-165.5542,48,,401677453,-114
PV2015_1008_14U0371,143961,UT,DS,2,0,0,188,188,22:14:55 23-Feb-2016,MB,B,54.2669,-165.5712,54.2669,-165.5712,8,,401677458,-128
PV2015_1008_14U0371,143961,UT,DS,3,0,0,113,113,21:06:24 24-Feb-2016,MA,A,54.2858,-165.6941,54.2858,-165.6941,,,401677463,-121
PV2015_1008_14U0371,143961,UT,DS,3,0,0,167,109,21:52:49 24-Feb-2016,MB,A,54.2800,-165.5869,54.2800,-165.5869,8,,401677489,-126
PV2015_1008_14U0371,143961,UT,DS,5,0,0,115,114,22:03:21 26-Feb-2016,MA,1,53.7626,-166.5327,56.8253,176.5100,50,,401677463,-109
PV2015_1008_14U0371,143961,UT,DS,3,0,2,114,114,22:12:00 26-Feb-2016,NP,A,53.7984,-166.4852,53.7984,-166.4852,,,401677451,-132
PV2015_1008_14U0371,143961,UT,DS,1,0,0,,,22:56:01 26-Feb-2016,MB,B,53.7916,-166.4622,53.7916,-166.4622,8,,401677457,-125
PV2015_1008_14U0371,143961,UT,DS,6,0,0,115,89,23:46:08 26-Feb-2016,NP,3,53.7595,-166.5146,53.7595,-166.5146,58,,401677438,-122
PV2015_1008_14U0371,143961,UT,DS,6,0,0,113,110,03:00:03 27-Feb-2016,NN,1,53.7602,-166.5112,53.7602,-166.5112,48,,401677438,-120
PV2015_1008_14U0371,143961,UT,DS,1,0,0,,,03:11:38 27-Feb-2016,NP,B,53.7578,-166.5105,53.7578,-166.5105,6,,401677437,-128
PV2015_1008_14U0371,143961,UT,DS,5,0,0,135,91,03:16:42 27-Feb-2016,NK,1,53.7569,-166.5167,53.7569,-166.5167,46,,401677435,-121
PV2015_1008_14U0371,143961,UT,DS,1,0,0,,,04:10:57 27-Feb-2016,SR,B,53.7401,-166.5254,53.7401,-166.5254,8,,401677430,-131
PV2015_1008_14U0371,143961,UT,DS,2,0,1,400,400,04:40:24 27-Feb-2016,NN,B,53.7616,-166.5060,53.7616,-166.5060,8,,401677426,-121
PV2015_1008_14U0371,143961,UT,DS,1,0,0,,,05:01:11 27-Feb-2016,NK,B,53.7632,-166.5066,53.7632,-166.5066,6,,401677430,-124
PV2015_1008_14U0371,143961,UT,DS,6,0,0,114,92,05:58:45 27-Feb-2016,SR,0,53.7613,-166.5441,53.7613,-166.5441,58,,401677432,-122
PV2015_1008_14U0371,143961,UT,DS,1,0,1,,,07:01:11 27-Feb-2016,MB,B,53.7509,-166.5558,53.7509,-166.5558,8,,401677428,-133
PV2015_1008_14U0371,143961,UT,DS,4,0,1,186,110,18:35:30 27-Feb-2016,NN,1,53.7571,-166.4978,53.7571,-166.4978,58,,401677432,-133
PV2015_1008_14U0371,143961,UT,DS,5,0,0,141,110,18:46:15 27-Feb-2016,NK,3,53.7701,-166.4942,53.7701,-166.4942,56,,401677452,-123
PV2015_1008_14U0371,143961,UT,DS,2,0,0,179,179,19:55:23 27-Feb-2016,MA,B,53.7691,-166.5035,53.7691,-166.5035,8,,401677445,-126
PV2015_1008_14U0371,143961,UT,DS,5,0,0,131,95,21:39:46 27-Feb-2016,MA,2,53.7491,-166.4637,53.7491,-166.4637,58,,401677425,-121
PV2015_1008_14U0371,143961,UT,DS,3,0,1,95,92,22:34:07 27-Feb-2016,MB,A,53.7451,-166.4769,53.7451,-166.4769,8,,401677438,-133
PV2015_1008_14U0371,143961,UT,DS,2,0,0,149,149,23:18:35 27-Feb-2016,MA,B,53.7640,-166.5068,53.7640,-166.5068,8,,401677425,-126
PV2015_1008_14U0371,143961,UT,DS,3,0,0,137,100,23:41:00 27-Feb-2016,NP,A,53.7512,-166.5074,53.7512,-166.5074,6,,401677431,-132
PV2015_1008_14U0371,143961,UT,DS,6,0,0,113,110,02:48:40 28-Feb-2016,NN,2,53.7578,-166.5097,53.7578,-166.5097,58,,401677430,-135
PV2015_1008_14U0371,143961,UT,DS,5,0,0,112,110,02:57:12 28-Feb-2016,NK,1,53.7679,-166.4973,53.7679,-166.4973,46,,401677425,-119
PV2015_1008_14U0371,143961,UT,DS,1,0,1,,,03:00:03 28-Feb-2016,NP,B,53.7657,-166.5072,53.7657,-166.5072,6,,401677423,-132
PV2015_1008_14U0371,143961,UT,DS,1,0,1,,,03:40:13 28-Feb-2016,SR,B,53.7647,-166.5108,53.7647,-166.5108,6,,401677441,-137
PV2015_1008_14U0371,143961,UT,DS,2,0,0,293,293,04:34:45 28-Feb-2016,NN,B,53.7564,-166.5002,53.7564,-166.5002,8,,401677429,-123
PV2015_1008_14U0371,143961,UT,DS,5,0,0,101,92,04:37:14 28-Feb-2016,NK,1,53.7605,-166.5170,53.7624,-166.5021,46,,401677428,-119
PV2015_1008_14U0371,143961,UT,DS,5,0,1,115,91,05:26:06 28-Feb-2016,SR,2,53.7601,-166.5458,53.7601,-166.5458,58,,401677429,-130
PV2015_1008_14U0371,143961,UT,DS,3,0,2,102,92,05:47:20 28-Feb-2016,MA,A,53.7935,-166.5069,53.7935,-166.5069,6,,401677403,-121
PV2015_1008_14U0371,143961,UT,DS,5,0,1,115,114,18:22:50 28-Feb-2016,NK,2,53.7595,-166.5087,53.7595,-166.5087,50,,401677456,-119
PV2015_1008_14U0371,143961,UT,DS,4,0,0,107,92,18:25:44 28-Feb-2016,NN,1,53.7718,-166.5441,53.7718,-166.5441,46,,401677452,-116
PV2015_1008_14U0371,143961,UT,DS,2,0,1,367,367,19:36:55 28-Feb-2016,MA,B,53.7883,-166.5234,53.7883,-166.5234,8,,401677454,-126
PV2015_1008_14U0371,143961,UT,DS,2,0,0,93,93,21:24:05 28-Feb-2016,MA,B,53.7425,-166.5397,53.7917,-166.5265,8,,401677442,-117
PV2015_1008_14U0371,143961,UT,DS,2,0,1,90,90,22:08:33 28-Feb-2016,MB,B,53.7873,-166.5282,53.7873,-166.5282,8,,401677436,-128
PV2015_1008_14U0371,143961,UT,DS,1,0,0,,,02:48:33 29-Feb-2016,NP,B,53.7373,-166.3381,53.7373,-166.3381,8,,401677440,-135
PV2015_1008_14U0371,143961,UT,DS,5,0,0,108,91,02:06:49 03-Mar-2016,NN,3,53.7052,-166.5912,53.7052,-166.5912,50,,401677446,-123
PV2015_1008_14U0371,143961,UT,DS,1,0,0,,,23:14:50 03-Mar-2016,MA,B,53.7136,-166.5718,53.7136,-166.5718,,,401677444,-129
PV2015_1008_14U0371,143961,UT,DS,2,0,0,114,114,02:04:08 04-Mar-2016,NP,B,53.6778,-166.4960,53.6778,-166.4960,8,,401677452,-131
PV2015_1008_14U0371,143961,UT,DS,2,0,0,92,92,04:14:10 04-Mar-2016,NK,B,53.6929,-166.5465,53.6929,-166.5465,8,,401677410,-128
PV2015_1008_14U0371,143961,UT,DS,1,0,0,,,04:24:42 04-Mar-2016,SR,B,53.6933,-166.5565,53.6933,-166.5565,6,,401677398,-130
PV2015_1008_14U0371,143961,UT,DS,1,0,0,,,05:43:42 04-Mar-2016,MA,B,53.7052,-166.5761,53.7052,-166.5761,7,,401677422,-127
PV2015_1008_14U0371,143961,UT,DS,1,0,0,,,05:51:53 04-Mar-2016,NK,B,53.7035,-166.5789,53.7035,-166.5789,6,,401677420,-130
PV2015_1008_14U0371,143961,UT,DS,2,0,0,113,113,07:02:11 05-Mar-2016,MA,B,53.7115,-166.6011,53.7115,-166.6011,,,401677444,-118
PV2015_1008_14U0371,143961,UT,DS,2,0,0,92,92,17:37:18 05-Mar-2016,NK,B,53.7202,-166.6172,53.7202,-166.6172,8,,401677462,-133
PV2015_1008_14U0371,143961,UT,DS,1,0,0,,,04:56:23 06-Mar-2016,NN,B,53.6964,-166.7289,53.6964,-166.7289,8,,401677445,-135
PV2015_1008_14U0371,143961,UT,DS,1,0,0,,,23:50:22 06-Mar-2016,NP,B,53.6599,-166.6580,53.6599,-166.6580,,,401677442,-132
PV2015_1008_14U0371,143961,UT,DS,1,0,0,,,23:41:32 07-Mar-2016,NP,B,53.6520,-166.6455,53.6520,-166.6455,,,401677435,-132
PV2015_1008_14U0371,143961,UT,DS,1,0,1,,,02:48:42 08-Mar-2016,NN,B,53.7111,-166.6275,53.7111,-166.6275,8,,401677436,-140
PV2015_1008_14U0371,143961,UT,DS,1,0,0,,,04:12:51 08-Mar-2016,NK,B,53.7103,-166.6600,53.7103,-166.6600,8,,401677415,-124
PV2015_1008_14U0371,143961,UT,DS,2,0,0,188,188,05:41:37 08-Mar-2016,SR,B,53.7198,-166.6519,,,7,,401677444,-116
PV2015_1008_14U0371,143961,UT,DS,1,0,0,,,07:45:16 08-Mar-2016,MA,B,53.7252,-166.6456,53.7252,-166.6456,8,,401677432,-118
PV2015_1008_14U0371,143961,UT,DS,2,0,0,93,93,19:49:22 08-Mar-2016,MA,B,53.7593,-166.6050,53.7593,-166.6050,,,401677445,-120
PV2015_1008_14U0371,143961,UT,DS,2,0,0,223,223,23:27:12 08-Mar-2016,NP,B,53.7797,-166.4952,53.7797,-166.4952,8,,401677439,-130
PV2015_1008_14U0371,143961,UT,DS,3,0,1,104,92,02:05:08 09-Mar-2016,NK,A,53.7668,-166.5166,53.7668,-166.5166,8,,401677423,-132
PV2015_1008_14U0371,143961,UT,DS,1,0,0,,,23:18:38 09-Mar-2016,NP,B,53.8183,-166.4687,53.8183,-166.4687,,,401677424,-133
