DeployID,Ptt,DepthSensor,Instr,SW,RTC,Received,Time Offset,LocationQuality,Latitude,Longitude,Type,HauledOut,BrokenThermistor,BrokenLink,Transmits,BattVoltage,TransmitVoltage,TransmitCurrent,Temperature,Depth,MaxDepth,ZeroDepthOffset,LightLevel,NoDawnDusk,ReleaseType,ReleaseTime,InitiallyBroken,BurnMinutes,ReleaseDepth,FastGPSPower,TWICPower,PowerLimit,WetDry,MinWetDry,MaxWetDry,WetDryThreshold,StatusWord,TransmitPower,Resets,PreReleaseTilt,PreReleaseTiltSd,PreReleaseTiltCount,XmitQueue,FastGPSLocNumber,FastGPSFailures,BattDiscon
PV2016_3001_16A0227,164834,,Mk10,,,02:16:17 14-Sep-2016,,3,51.9058,-176.6039,CRC,1,0,,735,3.504,1.000,0.116,16.60,1.0,82.0,-2,,,,,,,,,,,255,35,255,99,16,,,,,,,49,3,
PV2016_3001_16A0227,164834,,Mk10,,,06:23:45 14-Sep-2016,,B,51.9021,-176.6052,CRC,1,0,,863,3.504,1.000,0.108,16.00,1.0,82.0,-2,,,,,,,,,,,255,35,255,99,16,,,,,,,49,3,
PV2016_3001_16A0227,164834,,Mk10,,08:05:29 16-Sep-2016,08:05:31 16-Sep-2016,2,1,51.8659,-176.6147,CRC,0,0,,,,1.000,0.112,,1.5,36.0,-2,,,,,,,,,,,229,31,255,89,16,,,,,,,64,3,
PV2016_3001_16A0227,164834,,Mk10,,18:19:31 16-Sep-2016,18:19:32 16-Sep-2016,1,3,51.9100,-176.5833,CRC,0,0,,,,1.008,0.152,,1.0,36.0,-2,,,,,,,,,,,130,31,255,89,16,,,,,,,67,3,
PV2016_3001_16A0227,164834,,Mk10,,06:06:40 17-Sep-2016,06:06:42 17-Sep-2016,2,B,51.9099,-176.5825,CRC,0,0,,,,1.000,0.116,,1.0,56.0,-4,,,,,,,,,,,232,28,255,89,16,,,,,,,71,3,
PV2016_3001_16A0227,164834,,Mk10,,17:52:02 17-Sep-2016,17:52:03 17-Sep-2016,1,3,51.9061,-176.6068,CRC,1,0,,,,1.000,0.128,,1.5,56.0,-3,,,,,,,,,,,255,28,255,89,16,,,,,,,76,4,
PV2016_3001_16A0227,164834,,Mk10,,05:11:52 18-Sep-2016,05:11:53 18-Sep-2016,1,2,51.9052,-176.6099,CRC,1,0,,,,1.000,0.128,,1.5,66.0,-2,,,,,,,,,,,255,28,255,89,16,,,,,,,79,4,
PV2016_3001_16A0227,164834,,Mk10,,,08:54:10 19-Sep-2016,,A,51.9270,-176.6022,CRC,0,0,,2335,3.440,1.000,0.128,7.90,1.5,10.0,-3,,,,,,,,,,,255,27,255,89,16,,,,,,,85,4,
PV2016_3001_16A0227,164834,,Mk10,,04:59:21 20-Sep-2016,04:59:23 20-Sep-2016,2,A,51.9066,-176.6079,CRC,0,0,,,,1.000,0.124,,1.0,60.0,-2,,,,,,,,,,,255,28,255,89,16,,,,,,,89,4,
PV2016_3001_16A0227,164834,,Mk10,,,02:33:53 21-Sep-2016,,3,51.9097,-176.6013,CRC,1,0,,2847,3.440,1.000,0.120,10.60,1.0,86.0,-3,,,,,,,,,,,255,27,255,89,16,,,,,,,95,4,
PV2016_3001_16A0227,164834,,Mk10,,,06:27:22 21-Sep-2016,,2,51.8953,-176.6100,CRC,0,0,,2911,3.440,1.000,0.108,8.40,1.5,86.0,-3,,,,,,,,,,,156,27,255,89,16,,,,,,,96,4,
PV2016_3001_16A0227,164834,,Mk10,,,17:03:48 22-Sep-2016,,1,51.9037,-176.6176,CRC,0,0,,3359,3.440,1.000,0.152,8.20,1.5,52.0,-3,,,,,,,,,,,249,27,255,89,16,,,,,,,106,5,
PV2016_3001_16A0227,164834,,Mk10,,,08:14:43 23-Sep-2016,,A,51.8666,-176.6200,CRC,0,0,,3487,3.440,1.000,0.120,8.50,1.5,80.0,-3,,,,,,,,,,,246,27,255,89,16,,,,,,,111,5,
PV2016_3001_16A0227,164834,,Mk10,,16:11:05 23-Sep-2016,16:11:07 23-Sep-2016,2,3,51.8937,-176.6271,CRC,0,0,,,,1.000,0.116,,1.5,80.0,-2,,,,,,,,,,,255,27,255,89,16,,,,,,,113,5,
PV2016_3001_16A0227,164834,,Mk10,,16:11:37 25-Sep-2016,16:11:39 25-Sep-2016,2,1,51.8896,-176.6200,CRC,0,0,,,,1.000,0.124,,1.0,32.0,-3,,,,,,,,,,,237,26,255,89,16,,,,,,,127,5,
PV2016_3001_16A0227,164834,,Mk10,,,17:06:45 25-Sep-2016,,1,51.9082,-176.5975,CRC,0,0,,4255,3.440,0.992,0.104,8.30,2.0,32.0,-3,,,,,,,,,,,255,26,255,89,16,,,,,,,127,5,
PV2016_3001_16A0227,164834,,Mk10,,16:20:53 26-Sep-2016,16:20:55 26-Sep-2016,2,A,51.8906,-176.6175,CRC,0,0,,,,1.000,0.132,,1.5,54.0,-3,,,,,,,,,,,187,26,255,89,16,,,,,,,137,8,
PV2016_3001_16A0227,164834,,Mk10,,,15:28:22 27-Sep-2016,,B,51.8861,-176.5457,CRC,0,0,,4767,3.440,1.000,0.132,8.20,2.0,44.0,-3,,,,,,,,,,,143,25,255,89,16,,,,,,,145,8,
PV2016_3001_16A0227,164834,,Mk10,,,16:43:14 29-Sep-2016,,2,51.9175,-176.5700,CRC,1,0,,5407,3.440,1.000,0.132,9.70,1.0,124.0,-3,,,,,,,,,,,255,25,255,89,16,,,,,,,161,8,
PV2016_3001_16A0227,164834,,Mk10,,,18:31:13 02-Oct-2016,,2,51.9081,-176.6225,CRC,1,0,,6367,3.440,1.000,0.120,9.80,1.5,44.0,-4,,,,,,,,,,,255,25,255,89,16,,,,,,,183,8,
PV2016_3001_16A0227,164834,,Mk10,,,08:10:30 03-Oct-2016,,B,51.8980,-176.6248,CRC,0,0,,6559,3.504,1.000,0.120,8.00,1.5,50.0,-4,,,,,,,,,,,206,24,255,89,16,,,,,,,184,8,
PV2016_3001_16A0227,164834,,Mk10,,,16:08:10 03-Oct-2016,,1,51.9000,-176.5452,CRC,0,0,,6623,3.440,1.000,0.112,8.00,1.5,50.0,-4,,,,,,,,,,,223,24,255,89,16,,,,,,,188,9,
PV2016_3001_16A0227,164834,,Mk10,,18:05:33 04-Oct-2016,18:05:35 04-Oct-2016,2,3,51.9064,-176.6024,CRC,1,0,,,,1.000,0.116,,1.5,78.0,-3,,,,,,,,,,,255,24,255,89,16,,,,,,,196,9,
PV2016_3001_16A0227,164834,,Mk10,,,17:15:39 05-Oct-2016,,2,51.9097,-176.5683,CRC,1,0,,7199,3.440,1.000,0.104,10.40,0.5,96.0,-3,,,,,,,,,,,255,24,255,89,16,,,,,,,204,10,
PV2016_3001_16A0227,164834,,Mk10,,16:59:18 06-Oct-2016,16:59:20 06-Oct-2016,2,1,51.8910,-176.6353,CRC,0,0,,,,1.000,0.120,,1.5,76.0,-2,,,,,,,,,,,228,24,255,89,16,,,,,,,212,10,
PV2016_3001_16A0227,164834,,Mk10,,,17:42:20 06-Oct-2016,,2,51.9045,-176.6270,CRC,1,0,,7519,3.440,1.000,0.124,8.80,1.5,76.0,-3,,,,,,,,,,,255,24,255,89,16,,,,,,,212,10,
PV2016_3001_16A0227,164834,,Mk10,,,17:37:11 07-Oct-2016,,2,51.9068,-176.6006,CRC,0,0,,7839,3.440,1.000,0.116,8.20,1.0,74.0,-2,,,,,,,,,,,135,24,255,89,16,,,,,,,219,10,
PV2016_3001_16A0227,164834,,Mk10,,16:00:47 10-Oct-2016,16:00:49 10-Oct-2016,2,3,51.9146,-176.5834,CRC,0,0,,,,0.992,0.120,,1.5,34.0,-2,,,,,,,,,,,255,25,255,89,16,,,,,,,247,15,
PV2016_3001_16A0227,164834,,Mk10,,04:31:45 11-Oct-2016,04:31:47 11-Oct-2016,2,3,51.9157,-176.5699,CRC,0,0,,,,1.000,0.116,,1.5,72.0,-3,,,,,,,,,,,255,21,255,89,16,,,,,,,253,17,
PV2016_3001_16A0227,164834,,Mk10,,15:33:43 11-Oct-2016,15:33:45 11-Oct-2016,2,2,51.8830,-176.6279,CRC,0,0,,,,1.000,0.116,,1.5,72.0,-2,,,,,,,,,,,255,21,255,89,16,,,,,,,256,17,
PV2016_3001_16A0227,164834,,Mk10,,,14:05:10 13-Oct-2016,,2,51.9178,-176.5668,CRC,0,0,,9503,3.440,0.992,0.132,7.50,2.0,90.0,-3,,,,,,,,,,,255,24,255,89,16,,,,,,,272,17,
PV2016_3001_16A0227,164834,,Mk10,,15:43:03 13-Oct-2016,15:43:05 13-Oct-2016,2,1,51.9030,-176.6330,CRC,0,0,,,,1.000,0.116,,1.0,90.0,-2,,,,,,,,,,,255,24,255,89,16,,,,,,,272,17,
PV2016_3001_16A0227,164834,,Mk10,,18:09:35 13-Oct-2016,18:09:37 13-Oct-2016,2,2,51.9062,-176.5792,CRC,0,0,,,,1.000,0.120,,1.5,90.0,-3,,,,,,,,,,,249,24,255,89,16,,,,,,,273,17,
PV2016_3001_16A0227,164834,,Mk10,,,04:28:58 18-Oct-2016,,A,51.9081,-176.5975,CRC,0,0,,10911,3.440,1.000,0.116,7.60,1.5,84.0,-3,,,,,,,,,,,158,23,255,89,16,,,,,,,303,17,
PV2016_3001_16A0227,164834,,Mk10,,,04:37:49 19-Oct-2016,,3,51.9148,-176.5709,CRC,0,0,,11231,3.440,1.000,0.112,7.30,2.0,96.0,-3,,,,,,,,,,,208,21,255,89,16,,,,,,,311,17,
PV2016_3001_16A0227,164834,,Mk10,,06:23:27 19-Oct-2016,06:23:30 19-Oct-2016,3,A,51.9102,-176.5858,CRC,0,0,,,,1.008,0.100,,1.5,96.0,-4,,,,,,,,,,,196,21,255,89,16,,,,,,,311,17,
PV2016_3001_16A0227,164834,,Mk10,,,04:19:34 21-Oct-2016,,A,51.9082,-176.6229,CRC,0,0,,11871,3.440,1.008,0.128,7.50,1.5,126.0,-4,,,,,,,,,,,255,24,255,89,16,,,,,,,326,17,
PV2016_3001_16A0227,164834,,Mk10,,,16:54:10 21-Oct-2016,,2,51.9164,-176.5676,CRC,1,0,,12063,3.376,1.000,0.224,7.90,2.5,126.0,-4,,,,,,,,,,,255,24,255,89,16,,,,,,,331,18,
PV2016_3001_16A0227,164834,,Mk10,,06:46:49 22-Oct-2016,06:46:52 22-Oct-2016,3,B,51.9034,-176.6025,CRC,0,0,,,,1.000,0.132,,1.5,56.0,-4,,,,,,,,,,,242,24,255,89,16,,,,,,,336,18,
PV2016_3001_16A0227,164834,,Mk10,,15:52:18 23-Oct-2016,15:52:21 23-Oct-2016,3,B,51.8910,-176.5879,CRC,0,0,,,,1.000,0.116,,1.5,116.0,-3,,,,,,,,,,,186,24,255,89,16,,,,,,,347,18,
PV2016_3001_16A0227,164834,,Mk10,,17:50:01 23-Oct-2016,17:50:04 23-Oct-2016,3,2,51.9158,-176.5892,CRC,1,0,,,,1.000,0.116,,2.0,116.0,-2,,,,,,,,,,,255,24,255,89,16,,,,,,,348,18,
PV2016_3001_16A0227,164834,,Mk10,,,06:23:43 25-Oct-2016,,A,51.9017,-176.5563,CRC,0,0,,13087,3.440,1.000,0.124,7.00,2.0,54.0,-2,,,,,,,,,,,163,24,255,89,16,,,,,,,360,18,
PV2016_3001_16A0227,164834,,Mk10,,,18:46:49 25-Oct-2016,,1,51.8984,-176.6775,CRC,0,0,,13215,3.440,1.000,0.128,6.40,1.5,54.0,-3,,,,,,,,,,,233,24,255,89,16,,,,,,,364,18,
PV2016_3001_16A0227,164834,,Mk10,,04:39:39 26-Oct-2016,04:39:42 26-Oct-2016,3,B,51.9006,-176.6110,CRC,0,0,,,,0.992,0.112,,1.5,80.0,-5,,,,,,,,,,,255,24,255,89,16,,,,,,,367,18,
PV2016_3001_16A0227,164834,,Mk10,,05:44:27 27-Oct-2016,05:44:31 27-Oct-2016,4,B,51.9341,-176.6156,CRC,0,0,,,,0.992,0.132,,1.0,64.0,-4,,,,,,,,,,,179,25,255,89,16,,,,,,,375,18,
PV2016_3001_16A0227,164834,,Mk10,,,04:36:28 28-Oct-2016,,B,51.9059,-176.6072,CRC,0,0,,13919,3.440,1.000,0.124,7.30,1.5,126.0,-4,,,,,,,,,,,207,24,255,89,16,,,,,,,383,18,
PV2016_3001_16A0227,164834,,Mk10,,18:35:14 28-Oct-2016,18:35:17 28-Oct-2016,3,1,51.9171,-176.6407,CRC,1,0,,,,1.000,0.104,,2.5,126.0,-3,,,,,,,,,,,255,24,255,89,16,,,,,,,388,18,
PV2016_3001_16A0227,164834,,Mk10,,19:32:16 31-Oct-2016,19:32:19 31-Oct-2016,3,3,51.9000,-176.6131,CRC,1,0,,,,1.000,0.108,,2.0,110.0,-4,,,,,,,,,,,255,25,255,89,16,,,,,,,413,20,
PV2016_3001_16A0227,164834,,Mk10,,,05:42:48 01-Nov-2016,,B,51.9151,-176.5706,CRC,0,0,,15135,3.440,1.000,0.136,5.50,2.0,110.0,-4,,,,,,,,,,,166,24,255,89,16,,,,,,,416,20,
PV2016_3001_16A0227,164834,,Mk10,,09:03:32 01-Nov-2016,09:03:35 01-Nov-2016,3,A,51.8553,-176.5506,CRC,0,0,,,,0.984,0.116,,1.5,110.0,-4,,,,,,,,,,,255,24,255,89,16,,,,,,,417,20,
PV2016_3001_16A0227,164834,,Mk10,,,15:30:33 01-Nov-2016,,B,51.8531,-176.5567,CRC,0,0,,15199,3.440,1.000,0.116,6.60,1.5,110.0,-3,,,,,,,,,,,210,24,255,89,16,,,,,,,419,20,
PV2016_3001_16A0227,164834,,Mk10,,05:21:08 02-Nov-2016,05:21:11 02-Nov-2016,3,1,51.9028,-176.6069,CRC,0,0,,,,1.000,0.124,,2.0,116.0,-3,,,,,,,,,,,238,24,255,89,16,,,,,,,424,20,
PV2016_3001_16A0227,164834,,Mk10,,,17:00:33 02-Nov-2016,,0,51.8765,-176.5985,CRC,0,0,,15519,3.440,1.000,0.136,6.30,2.0,116.0,-4,,,,,,,,,,,255,24,255,89,16,,,,,,,428,20,
PV2016_3001_16A0227,164834,,Mk10,,,19:11:58 02-Nov-2016,,1,51.8916,-176.5803,CRC,1,0,,15583,3.440,1.000,0.132,7.10,2.5,116.0,-4,,,,,,,,,,,255,24,255,89,16,,,,,,,428,20,
PV2016_3001_16A0227,164834,,Mk10,,01:02:56 03-Nov-2016,01:02:59 03-Nov-2016,3,2,51.9029,-176.6117,CRC,1,0,,,,1.000,0.120,,2.0,110.0,-4,,,,,,,,,,,255,21,255,89,16,,,,,,,429,20,
PV2016_3001_16A0227,164834,,Mk10,,,18:17:41 03-Nov-2016,,0,51.8780,-176.5309,CRC,0,0,,15903,3.440,1.000,0.116,6.60,2.0,110.0,-4,,,,,,,,,,,189,21,255,89,16,,,,,,,434,20,
PV2016_3001_16A0227,164834,,Mk10,,19:06:36 03-Nov-2016,19:06:39 03-Nov-2016,3,1,51.9055,-176.6007,CRC,0,0,,,,1.000,0.112,,1.5,110.0,-4,,,,,,,,,,,204,21,255,89,16,,,,,,,434,20,
PV2016_3001_16A0227,164834,,Mk10,,,14:48:47 04-Nov-2016,,A,51.9021,-176.5854,CRC,0,0,,16095,3.440,1.000,0.120,6.50,2.0,92.0,-4,,,,,,,,,,,225,22,255,89,16,,,,,,,441,20,
PV2016_3001_16A0227,164834,,Mk10,,16:34:23 04-Nov-2016,16:34:27 04-Nov-2016,4,1,51.8691,-176.6037,CRC,0,0,,,,1.000,0.112,,1.5,92.0,-3,,,,,,,,,,,238,22,255,89,16,,,,,,,441,20,
PV2016_3001_16A0227,164834,,Mk10,,,17:53:06 04-Nov-2016,,3,51.9073,-176.6051,CRC,0,0,,16159,3.440,1.000,0.132,4.10,2.5,92.0,-3,,,,,,,,,,,255,22,255,89,16,,,,,,,442,20,
PV2016_3001_16A0227,164834,,Mk10,,,16:23:35 05-Nov-2016,,3,51.9011,-176.6049,CRC,0,0,,16543,3.440,1.000,0.108,6.10,1.5,110.0,-3,,,,,,,,,,,155,24,255,89,16,,,,,,,448,20,
PV2016_3001_16A0227,164834,,Mk10,,,16:57:36 06-Nov-2016,,B,51.8585,-176.5478,CRC,0,0,,16735,3.376,1.000,0.216,6.60,2.0,110.0,-4,,,,,,,,,,,165,24,255,89,16,,,,,,,456,20,
PV2016_3001_16A0227,164834,,Mk10,,,02:47:33 07-Nov-2016,,A,51.9268,-176.5895,CRC,0,0,,16927,3.440,1.000,0.144,6.40,3.0,108.0,-4,,,,,,,,,,,184,23,255,89,16,,,,,,,459,20,
PV2016_3001_16A0227,164834,,Mk10,,05:07:24 07-Nov-2016,05:07:28 07-Nov-2016,4,1,51.9171,-176.5650,CRC,0,0,,,,1.000,0.116,,2.0,108.0,-4,,,,,,,,,,,217,23,255,89,16,,,,,,,460,20,
PV2016_3001_16A0227,164834,,Mk10,,,08:28:45 07-Nov-2016,,A,51.8730,-176.5533,CRC,0,0,,16991,3.440,1.008,0.108,6.40,2.0,108.0,-2,,,,,,,,,,,255,23,255,89,16,,,,,,,461,20,
PV2016_3001_16A0227,164834,,Mk10,,18:16:08 07-Nov-2016,18:16:12 07-Nov-2016,4,3,51.9184,-176.5824,CRC,0,0,,,,1.000,0.116,,2.0,108.0,-4,,,,,,,,,,,206,23,255,89,16,,,,,,,465,20,
PV2016_3001_16A0227,164834,,Mk10,,,14:21:53 08-Nov-2016,,B,51.8717,-176.6051,CRC,0,0,,17311,3.440,1.000,0.112,6.00,2.0,118.0,-2,,,,,,,,,,,225,23,255,89,16,,,,,,,471,20,
PV2016_3001_16A0227,164834,,Mk10,,,16:11:58 08-Nov-2016,,2,51.9081,-176.5845,CRC,0,0,,17375,3.376,0.992,0.144,6.30,1.5,118.0,-3,,,,,,,,,,,127,23,255,89,16,,,,,,,472,20,
PV2016_3001_16A0227,164834,,Mk10,,,17:11:10 09-Nov-2016,,1,51.9071,-176.6300,CRC,1,0,,17695,3.376,1.000,0.120,2.20,2.5,118.0,-4,,,,,,,,,,,255,23,255,89,16,,,,,,,480,20,
PV2016_3001_16A0227,164834,,Mk10,,,05:24:40 10-Nov-2016,,B,51.9076,-176.5462,CRC,0,0,,17887,3.440,1.000,0.104,6.10,1.5,88.0,-4,,,,,,,,,,,198,24,255,89,16,,,,,,,484,20,
PV2016_3001_16A0227,164834,,Mk10,,18:41:40 10-Nov-2016,18:41:44 10-Nov-2016,4,1,51.9191,-176.5747,CRC,1,0,,,,1.000,0.108,,2.0,88.0,-4,,,,,,,,,,,255,24,255,89,16,,,,,,,488,20,
PV2016_3001_16A0227,164834,,Mk10,,02:55:05 11-Nov-2016,02:55:09 11-Nov-2016,4,B,51.9160,-176.5794,CRC,0,0,,,,1.008,0.116,,2.0,114.0,-4,,,,,,,,,,,255,25,255,89,16,,,,,,,491,20,
PV2016_3001_16A0227,164834,,Mk10,,04:58:39 12-Nov-2016,04:58:43 12-Nov-2016,4,1,51.9183,-176.5741,CRC,0,0,,,,1.000,0.128,,1.5,120.0,-4,,,,,,,,,,,227,24,255,89,16,,,,,,,500,20,
PV2016_3001_16A0227,164834,,Mk10,,,17:58:54 12-Nov-2016,,3,51.9172,-176.5743,CRC,1,0,,18591,3.376,1.000,0.108,2.60,2.0,120.0,-3,,,,,,,,,,,255,24,255,89,16,,,,,,,504,20,
PV2016_3001_16A0227,164834,,Mk10,,,04:56:52 13-Nov-2016,,2,51.9262,-176.5773,CRC,0,0,,18783,3.376,1.000,0.128,2.90,2.0,82.0,-5,,,,,,,,,,,255,24,255,89,16,,,,,,,509,21,
PV2016_3001_16A0227,164834,,Mk10,,,14:52:42 13-Nov-2016,,3,51.9194,-176.5641,CRC,1,0,,18911,3.440,1.000,0.108,3.20,2.5,82.0,-4,,,,,,,,,,,255,24,255,89,16,,,,,,,512,21,
PV2016_3001_16A0227,164834,,Mk10,,,17:05:47 14-Nov-2016,,2,51.9161,-176.5653,CRC,1,0,,19231,3.440,1.000,0.100,6.70,2.0,60.0,-5,,,,,,,,,,,255,24,255,89,16,,,,,,,521,22,
PV2016_3001_16A0227,164834,,Mk10,,06:14:12 15-Nov-2016,06:14:17 15-Nov-2016,5,A,51.9110,-176.5560,CRC,0,0,,,,1.000,0.204,,2.0,76.0,-5,,,,,,,,,,,212,25,255,89,16,,,,,,,526,22,
PV2016_3001_16A0227,164834,,Mk10,,,02:37:47 16-Nov-2016,,B,51.9256,-176.5804,CRC,0,0,,19615,3.376,1.000,0.160,5.90,2.5,78.0,-4,,,,,,,,,,,255,25,255,89,16,,,,,,,533,23,
PV2016_3001_16A0227,164834,,Mk10,,,05:46:57 16-Nov-2016,,3,51.9158,-176.5694,CRC,0,0,,19679,3.440,0.992,0.124,4.10,3.0,78.0,-4,,,,,,,,,,,252,25,255,89,16,,,,,,,534,23,
PV2016_3001_16A0227,164834,,Mk10,,08:05:15 16-Nov-2016,08:05:20 16-Nov-2016,5,B,51.9167,-176.5777,CRC,0,0,,,,1.000,0.148,,2.5,78.0,-4,,,,,,,,,,,199,25,255,89,16,,,,,,,535,23,
PV2016_3001_16A0227,164834,,Mk10,,,14:02:45 17-Nov-2016,,2,51.9197,-176.5712,CRC,0,0,,19999,3.440,1.000,0.116,4.50,2.0,90.0,-5,,,,,,,,,,,230,24,255,89,16,,,,,,,545,23,
PV2016_3001_16A0227,164834,,Mk10,,16:13:37 17-Nov-2016,16:13:42 17-Nov-2016,5,2,51.9252,-176.5680,CRC,0,0,,,,1.000,0.176,,2.0,90.0,-5,,,,,,,,,,,90,24,255,89,16,,,,,,,546,23,
PV2016_3001_16A0227,164834,,Mk10,,,19:03:49 18-Nov-2016,,B,51.9065,-176.6203,CRC,1,0,,20447,3.504,1.000,0.120,10.60,2.0,88.0,-5,,,,,,,,,,,255,24,255,89,16,,,,,,,555,23,
PV2016_3001_16A0227,164834,,Mk10,,,05:15:00 21-Nov-2016,,A,51.9340,-176.5832,CRC,0,0,,21151,3.440,1.000,0.132,3.80,2.5,62.0,-5,,,,,,,,,,,255,24,255,89,16,,,,,,,572,24,
PV2016_3001_16A0227,164834,,Mk10,,,08:50:48 21-Nov-2016,,2,51.9152,-176.5832,CRC,1,0,,21215,3.440,1.000,0.100,3.40,2.5,62.0,-5,,,,,,,,,,,255,24,255,89,16,,,,,,,574,24,
PV2016_3001_16A0227,164834,,Mk10,,17:11:22 21-Nov-2016,17:11:26 21-Nov-2016,4,A,51.9142,-176.5629,CRC,0,0,,,,1.000,0.136,,2.5,62.0,-4,,,,,,,,,,,224,24,255,89,16,,,,,,,576,24,
PV2016_3001_16A0227,164834,,Mk10,,,04:48:39 22-Nov-2016,,A,51.9171,-176.5674,CRC,0,0,,21407,3.440,1.000,0.124,3.80,2.0,6.0,-6,,,,,,,,,,,254,25,255,89,16,,,,,,,581,25,
PV2016_3001_16A0227,164834,,Mk10,,,14:53:00 22-Nov-2016,,B,51.8950,-176.5560,CRC,0,0,,21471,3.440,1.008,0.132,6.00,2.5,6.0,-6,,,,,,,,,,,108,25,255,89,16,,,,,,,584,25,
PV2016_3001_16A0227,164834,,Mk10,,06:46:13 23-Nov-2016,06:46:18 23-Nov-2016,5,2,51.9142,-176.5705,CRC,0,0,,,,1.000,0.112,,2.5,120.0,-4,,,,,,,,,,,147,24,255,89,16,,,,,,,590,25,
PV2016_3001_16A0227,164834,,Mk10,,16:19:04 23-Nov-2016,16:19:09 23-Nov-2016,5,3,51.8720,-176.6372,CRC,0,0,,,,1.008,0.056,,2.5,120.0,-6,,,,,,,,,,,255,24,255,89,16,,,,,,,593,25,
PV2016_3001_16A0227,164834,,Mk10,,,19:38:04 26-Nov-2016,,2,51.9009,-176.5978,CRC,1,0,,22815,3.440,1.000,0.132,2.90,3.0,56.0,-5,,,,,,,,,,,255,24,255,89,16,,,,,,,616,25,
PV2016_3001_16A0227,164834,,Mk10,,17:41:17 27-Nov-2016,17:41:22 27-Nov-2016,5,A,51.8687,-176.5836,CRC,0,0,,,,1.000,0.120,,2.0,62.0,-5,,,,,,,,,,,255,24,255,89,16,,,,,,,623,25,
PV2016_3001_16A0227,164834,,Mk10,,22:16:10 27-Nov-2016,22:16:15 27-Nov-2016,5,1,51.9185,-176.6666,CRC,0,0,,,,1.000,0.232,,2.0,62.0,-5,,,,,,,,,,,218,24,255,89,16,,,,,,,625,25,
PV2016_3001_16A0227,164834,,Mk10,,,04:03:59 28-Nov-2016,,2,51.9171,-176.5822,CRC,0,0,,23199,3.440,1.000,0.136,4.70,3.0,122.0,-5,,,,,,,,,,,249,24,255,89,16,,,,,,,627,25,
PV2016_3001_16A0227,164834,,Mk10,,05:44:59 28-Nov-2016,05:45:04 28-Nov-2016,5,A,51.9169,-176.5665,CRC,0,0,,,,1.000,0.120,,2.0,122.0,-4,,,,,,,,,,,192,24,255,89,16,,,,,,,627,25,
PV2016_3001_16A0227,164834,,Mk10,,,19:23:03 28-Nov-2016,,1,51.9066,-176.6116,CRC,0,0,,23391,3.440,0.992,0.112,5.20,3.0,122.0,-5,,,,,,,,,,,216,24,255,89,16,,,,,,,632,25,
PV2016_3001_16A0227,164834,,Mk10,,,17:48:17 30-Nov-2016,,B,51.8798,-176.5712,CRC,0,0,,23903,3.440,1.008,0.128,5.60,2.5,48.0,-4,,,,,,,,,,,219,24,255,89,16,,,,,,,646,25,
PV2016_3001_16A0227,164834,,Mk10,,22:46:48 30-Nov-2016,22:46:53 30-Nov-2016,5,3,51.9262,-176.5782,CRC,0,0,,,,1.000,0.116,,2.5,48.0,-5,,,,,,,,,,,255,24,255,89,16,,,,,,,648,25,
PV2016_3001_16A0227,164834,,Mk10,,05:52:52 01-Dec-2016,05:52:57 01-Dec-2016,5,B,51.9167,-176.5688,CRC,0,0,,,,1.000,0.124,,2.0,68.0,-4,,,,,,,,,,,172,24,255,89,16,,,,,,,650,25,
PV2016_3001_16A0227,164834,,Mk10,,18:33:35 02-Dec-2016,18:33:40 02-Dec-2016,5,1,51.8681,-176.6460,CRC,0,0,,,,1.000,0.136,,3.0,72.0,-6,,,,,,,,,,,229,24,255,89,16,,,,,,,662,25,
PV2016_3001_16A0227,164834,,Mk10,,,08:15:55 03-Dec-2016,,B,51.9122,-176.5767,CRC,0,0,,24671,3.440,1.008,0.120,3.10,2.5,110.0,-6,,,,,,,,,,,243,24,255,89,16,,,,,,,667,25,
PV2016_3001_16A0227,164834,,Mk10,,17:02:26 04-Dec-2016,17:02:31 04-Dec-2016,5,2,51.8675,-176.6220,CRC,0,0,,,,1.000,0.124,,2.5,26.0,-6,,,,,,,,,,,255,25,255,89,16,,,,,,,678,25,
PV2016_3001_16A0227,164834,,Mk10,,19:44:33 04-Dec-2016,19:44:38 04-Dec-2016,5,1,51.8955,-176.5590,CRC,1,0,,,,1.000,0.108,,3.0,26.0,-6,,,,,,,,,,,255,25,255,89,16,,,,,,,679,25,
PV2016_3001_16A0227,164834,,Mk10,,,21:30:53 04-Dec-2016,,3,51.9056,-176.6060,CRC,1,0,,25183,3.504,1.000,0.104,11.90,2.0,26.0,-6,,,,,,,,,,,255,25,255,89,16,,,,,,,679,25,
PV2016_3001_16A0227,164834,,Mk10,,08:48:16 05-Dec-2016,08:48:21 05-Dec-2016,5,2,51.8908,-176.6239,CRC,0,0,,,,1.000,0.100,,2.5,32.0,-6,,,,,,,,,,,255,25,255,89,16,,,,,,,682,25,
PV2016_3001_16A0227,164834,,Mk10,,,04:31:00 07-Dec-2016,,1,51.9181,-176.5538,CRC,0,0,,25887,3.440,1.000,0.112,5.40,2.5,86.0,-7,,,,,,,,,,,233,24,255,89,16,,,,,,,697,26,
PV2016_3001_16A0227,164834,,Mk10,,04:24:30 09-Dec-2016,04:24:36 09-Dec-2016,6,3,51.9082,-176.5912,CRC,0,0,,,,1.008,0.144,,2.5,112.0,-6,,,,,,,,,,,190,24,255,89,16,,,,,,,711,26,
PV2016_3001_16A0227,164834,,Mk10,,,18:21:23 09-Dec-2016,,B,51.9091,-176.6129,CRC,0,0,,26591,3.440,1.000,0.116,5.30,3.0,112.0,-5,,,,,,,,,,,255,24,255,89,16,,,,,,,716,26,
PV2016_3001_16A0227,164834,,Mk10,,21:23:19 09-Dec-2016,21:23:24 09-Dec-2016,5,2,51.9046,-176.6174,CRC,0,0,,,,1.000,0.120,,2.5,112.0,-5,,,,,,,,,,,255,24,255,89,16,,,,,,,717,26,
PV2016_3001_16A0227,164834,,Mk10,,,16:01:42 10-Dec-2016,,3,51.9144,-176.5701,CRC,0,0,,26847,3.376,1.000,0.184,5.30,3.0,116.0,-5,,,,,,,,,,,255,24,255,89,16,,,,,,,723,26,
PV2016_3001_16A0227,164834,,Mk10,,,08:30:09 11-Dec-2016,,0,51.9214,-176.5853,CRC,1,0,,27039,3.440,1.000,0.112,4.60,3.0,4.0,-4,,,,,,,,,,,255,24,255,89,16,,,,,,,729,26,
PV2016_3001_16A0227,164834,,Mk10,,,09:30:57 13-Dec-2016,,1,51.9088,-176.5644,,0,0,,27615,3.440,1.000,0.128,5.30,3.0,52.0,-5,,,,,,,,,,,,24,255,89,16,,,,,,,,,
PV2016_3001_16A0227,164834,,Mk10,,21:23:28 14-Dec-2016,21:23:34 14-Dec-2016,6,3,51.9057,-176.6108,CRC,1,0,,,,1.008,0.120,,3.0,98.0,-6,,,,,,,,,,,255,25,255,89,16,,,,,,,757,27,
PV2016_3001_16A0227,164834,,Mk10,,02:59:53 16-Dec-2016,02:59:59 16-Dec-2016,6,A,51.9157,-176.5799,CRC,0,0,,,,1.000,0.116,,3.0,84.0,-6,,,,,,,,,,,255,24,255,89,16,,,,,,,768,28,
PV2016_3001_16A0227,164834,,Mk10,,16:58:59 16-Dec-2016,16:59:05 16-Dec-2016,6,B,51.8959,-176.5427,CRC,0,0,,,,1.000,0.132,,2.5,84.0,-5,,,,,,,,,,,255,24,255,89,16,,,,,,,773,28,
PV2016_3001_16A0227,164834,,Mk10,,,01:09:23 17-Dec-2016,,B,51.9237,-176.5627,CRC,0,0,,28639,3.376,1.000,0.220,3.30,2.5,74.0,-5,,,,,,,,,,,224,25,255,89,16,,,,,,,775,28,
PV2016_3001_16A0227,164834,,Mk10,,04:25:34 17-Dec-2016,04:25:40 17-Dec-2016,6,B,51.9187,-176.5796,CRC,0,0,,,,1.000,0.124,,2.5,74.0,-5,,,,,,,,,,,214,25,255,89,16,,,,,,,776,28,
PV2016_3001_16A0227,164834,,Mk10,,,08:06:48 17-Dec-2016,,B,51.9130,-176.5712,CRC,0,0,,28703,3.440,1.008,0.132,3.50,2.5,74.0,-6,,,,,,,,,,,254,25,255,89,16,,,,,,,778,28,
PV2016_3001_16A0227,164834,,Mk10,,,18:01:24 19-Dec-2016,,3,51.9184,-176.5809,CRC,1,0,,29407,3.440,1.000,0.124,6.00,2.0,66.0,-5,,,,,,,,,,,255,21,255,89,16,,,,,,,798,29,
PV2016_3001_16A0227,164834,,Mk10,,06:04:51 20-Dec-2016,06:04:57 20-Dec-2016,6,1,51.9210,-176.5615,CRC,0,0,,,,1.000,0.104,,3.0,70.0,-5,,,,,,,,,,,255,25,255,89,16,,,,,,,803,30,
PV2016_3001_16A0227,164834,,Mk10,,,21:57:18 20-Dec-2016,,2,51.9158,-176.5675,CRC,1,0,,29727,3.504,1.008,0.128,7.80,3.5,70.0,-6,,,,,,,,,,,255,25,255,89,16,,,,,,,808,30,
PV2016_3001_16A0227,164834,,Mk10,,02:04:39 21-Dec-2016,02:04:45 21-Dec-2016,6,A,51.9121,-176.6157,CRC,0,0,,,,1.000,0.188,,3.0,66.0,-5,,,,,,,,,,,243,25,255,89,16,,,,,,,809,30,
PV2016_3001_16A0227,164834,,Mk10,,,04:10:32 21-Dec-2016,,A,51.9142,-176.5710,CRC,0,0,,29791,3.440,1.000,0.136,3.10,2.5,66.0,-5,,,,,,,,,,,238,25,255,89,16,,,,,,,810,30,
PV2016_3001_16A0227,164834,,Mk10,,08:21:28 22-Dec-2016,08:21:35 22-Dec-2016,7,B,51.8663,-176.6388,CRC,0,0,,,,1.000,0.116,,2.5,50.0,-5,,,,,,,,,,,209,24,255,89,16,,,,,,,820,32,
PV2016_3001_16A0227,164834,,Mk10,,15:46:41 22-Dec-2016,15:46:48 22-Dec-2016,7,2,51.8804,-176.6298,CRC,0,0,,,,1.000,0.116,,2.5,50.0,-6,,,,,,,,,,,245,24,255,89,16,,,,,,,823,32,
PV2016_3001_16A0227,164834,,Mk10,,19:31:47 22-Dec-2016,19:31:53 22-Dec-2016,6,A,51.9090,-176.5866,CRC,1,0,,,,1.000,0.116,,2.5,50.0,-5,,,,,,,,,,,255,24,255,89,16,,,,,,,824,32,
PV2016_3001_16A0227,164834,,Mk10,,04:28:23 26-Dec-2016,04:28:30 26-Dec-2016,7,B,51.9127,-176.5720,CRC,0,0,,,,1.000,0.124,,2.5,66.0,-6,,,,,,,,,,,255,24,255,89,16,,,,,,,851,33,
PV2016_3001_16A0227,164834,,Mk10,,,17:34:37 27-Dec-2016,,B,51.9131,-176.5597,CRC,0,0,,31583,3.440,1.000,0.116,4.50,2.5,66.0,-6,,,,,,,,,,,255,24,255,89,16,,,,,,,865,35,
PV2016_3001_16A0227,164834,,Mk10,,02:21:04 28-Dec-2016,02:21:11 28-Dec-2016,7,1,51.9222,-176.5898,CRC,0,0,,,,1.000,0.116,,3.0,70.0,-5,,,,,,,,,,,237,24,255,89,16,,,,,,,868,35,
PV2016_3001_16A0227,164834,,Mk10,,,05:10:22 28-Dec-2016,,B,51.9180,-176.5738,CRC,0,0,,31775,3.440,1.000,0.124,2.50,2.5,70.0,-6,,,,,,,,,,,220,24,255,89,16,,,,,,,869,35,
PV2016_3001_16A0227,164834,,Mk10,,17:44:21 29-Dec-2016,17:44:27 29-Dec-2016,6,1,51.9195,-176.6135,CRC,1,0,,,,0.992,0.108,,3.0,62.0,-5,,,,,,,,,,,255,25,255,89,16,,,,,,,881,35,
PV2016_3001_16A0227,164834,,Mk10,,15:44:56 31-Dec-2016,15:45:03 31-Dec-2016,7,B,51.8996,-176.5573,CRC,0,0,,,,1.000,0.128,,2.5,62.0,-5,,,,,,,,,,,255,24,255,89,16,,,,,,,898,37,
PV2016_3001_16A0227,164834,,Mk10,,,17:50:49 31-Dec-2016,,1,51.9142,-176.5869,CRC,0,0,,32735,3.376,1.000,0.164,4.90,2.0,62.0,-5,,,,,,,,,,,152,24,255,89,16,,,,,,,898,37,
PV2016_3001_16A0227,164834,,Mk10,,,19:34:16 31-Dec-2016,,3,51.9086,-176.6167,CRC,1,0,,32799,3.376,1.000,0.116,2.30,2.5,62.0,-5,,,,,,,,,,,255,24,255,89,16,,,,,,,899,37,
PV2016_3001_16A0227,164834,,Mk10,,01:36:40 01-Jan-2017,01:36:47 01-Jan-2017,7,1,51.9094,-176.5773,CRC,1,0,,,,0.992,0.112,,2.5,60.0,-6,,,,,,,,,,,255,22,255,89,16,,,,,,,901,37,
PV2016_3001_16A0227,164834,,Mk10,,,04:57:19 01-Jan-2017,,A,51.9089,-176.5930,CRC,1,0,,32991,3.504,1.000,0.116,8.10,2.0,60.0,-6,,,,,,,,,,,255,22,255,89,16,,,,,,,901,37,
PV2016_3001_16A0227,164834,,Mk10,,,02:52:18 02-Jan-2017,,1,51.9192,-176.5661,CRC,0,0,,33055,3.376,1.008,0.128,2.90,3.0,42.0,-6,,,,,,,,,,,227,25,255,89,16,,,,,,,909,38,
PV2016_3001_16A0227,164834,,Mk10,,,02:53:03 03-Jan-2017,,2,51.9062,-176.6036,CRC,1,0,,33247,3.504,1.000,0.124,8.20,3.0,12.0,-6,,,,,,,,,,,255,24,255,89,16,,,,,,,915,38,
PV2016_3001_16A0227,164834,,Mk10,,05:41:23 03-Jan-2017,05:41:30 03-Jan-2017,7,B,51.9148,-176.5630,CRC,0,0,,,,1.000,0.116,,3.0,12.0,-5,,,,,,,,,,,214,24,255,89,16,,,,,,,916,38,
PV2016_3001_16A0227,164834,,Mk10,,,04:02:40 08-Jan-2017,,A,51.9252,-176.5596,CRC,0,0,,33951,3.440,0.992,0.128,3.30,3.0,78.0,-5,,,,,,,,,,,138,25,255,89,16,,,,,,,953,38,
PV2016_3001_16A0227,164834,,Mk10,,,05:46:03 09-Jan-2017,,3,51.8876,-176.6205,CRC,0,0,,34143,3.440,1.000,0.124,4.50,3.0,136.0,-6,,,,,,,,,,,210,25,255,89,16,,,,,,,961,38,
PV2016_3001_16A0227,164834,,Mk10,,08:29:37 09-Jan-2017,08:29:45 09-Jan-2017,8,0,51.8278,-176.8611,CRC,0,0,,,,1.000,0.136,,2.5,136.0,-6,,,,,,,,,,,118,25,255,89,16,,,,,,,962,38,
PV2016_3001_16A0227,164834,,Mk10,,,02:23:55 11-Jan-2017,,B,51.8672,-176.6523,CRC,0,0,,34399,3.376,1.000,0.168,4.20,2.5,60.0,-6,,,,,,,,,,,184,25,255,89,16,,,,,,,975,38,
PV2016_3001_16A0227,164834,,Mk10,,,06:35:54 12-Jan-2017,,3,51.9105,-176.5849,CRC,0,0,,34591,3.376,0.992,0.116,3.50,2.5,64.0,-6,,,,,,,,,,,181,25,255,89,16,,,,,,,986,39,
PV2016_3001_16A0227,164834,,Mk10,,02:34:55 13-Jan-2017,02:35:03 13-Jan-2017,8,1,51.9270,-176.5873,CRC,0,0,,,,1.000,0.108,,2.5,12.0,-6,,,,,,,,,,,102,25,255,89,16,,,,,,,993,40,
PV2016_3001_16A0227,164834,,Mk10,,04:25:26 15-Jan-2017,04:25:33 15-Jan-2017,7,B,51.9190,-176.5598,CRC,0,0,,,,1.000,0.100,,2.5,54.0,-6,,,,,,,,,,,213,25,255,89,16,,,,,,,1010,41,
PV2016_3001_16A0227,164834,,Mk10,,09:27:05 16-Jan-2017,09:27:11 16-Jan-2017,6,B,51.9011,-176.5742,CRC,0,0,,,,1.000,0.120,,2.5,6.0,-6,,,,,,,,,,,229,25,255,89,16,,,,,,,1020,42,
PV2016_3001_16A0227,164834,,Mk10,,16:43:26 16-Jan-2017,16:43:33 16-Jan-2017,7,A,51.9038,-176.5681,CRC,0,0,,,,1.000,0.180,,2.5,6.0,-5,,,,,,,,,,,242,25,255,89,16,,,,,,,1023,42,
PV2016_3001_16A0227,164834,,Mk10,,16:11:14 17-Jan-2017,16:11:21 17-Jan-2017,7,A,51.9156,-176.5755,CRC,0,0,,,,1.000,0.116,,3.0,70.0,-6,,,,,,,,,,,225,25,255,89,16,,,,,,,1030,42,
PV2016_3001_16A0227,164834,,Mk10,,04:19:53 18-Jan-2017,04:20:00 18-Jan-2017,7,B,51.9160,-176.5598,CRC,0,0,,,,0.984,0.128,,3.0,84.0,-6,,,,,,,,,,,255,25,255,89,16,,,,,,,1035,43,
PV2016_3001_16A0227,164834,,Mk10,,01:35:06 19-Jan-2017,01:35:13 19-Jan-2017,7,3,51.9267,-176.5783,CRC,0,0,,,,1.000,0.124,,3.0,82.0,-5,,,,,,,,,,,211,25,255,89,16,,,,,,,1042,43,
PV2016_3001_16A0227,164834,,Mk10,,,02:54:04 21-Jan-2017,,2,51.9196,-176.5705,CRC,1,0,,35935,3.376,1.000,0.112,1.40,3.0,92.0,-6,,,,,,,,,,,255,25,255,89,16,,,,,,,1059,43,
PV2016_3001_16A0227,164834,,Mk10,,,04:20:57 22-Jan-2017,,B,51.9076,-176.5754,CRC,0,0,,36063,3.376,1.000,0.128,1.30,2.5,54.0,-5,,,,,,,,,,,200,25,255,89,16,,,,,,,1067,43,
PV2016_3001_16A0227,164834,,Mk10,,06:28:32 22-Jan-2017,06:28:39 22-Jan-2017,7,2,51.8963,-176.5544,CRC,0,0,,,,1.000,0.152,,2.5,54.0,-6,,,,,,,,,,,255,25,255,89,16,,,,,,,1068,43,
PV2016_3001_16A0227,164834,,Mk10,,,05:46:10 23-Jan-2017,,3,51.9148,-176.5708,,0,0,,36255,3.440,1.008,0.124,1.70,31.5,1874.0,-23,,,,,,,,,,,,23,243,38,39847,,,,,,,,,
PV2016_3001_16A0227,164834,,Mk10,,02:12:48 24-Jan-2017,02:12:55 24-Jan-2017,7,2,51.9245,-176.5764,CRC,0,0,,,,1.000,0.168,,2.5,98.0,-5,,,,,,,,,,,255,25,255,89,16,,,,,,,1083,44,
PV2016_3001_16A0227,164834,,Mk10,,,04:31:43 24-Jan-2017,,1,51.9243,-176.5686,CRC,0,0,,36383,3.440,1.000,0.120,1.20,2.5,98.0,-5,,,,,,,,,,,143,25,255,89,16,,,,,,,1084,44,
PV2016_3001_16A0227,164834,,Mk10,,06:15:52 24-Jan-2017,06:15:59 24-Jan-2017,7,0,51.9289,-176.5402,CRC,0,0,,,,1.000,0.124,,2.5,98.0,-5,,,,,,,,,,,221,25,255,89,16,,,,,,,1084,44,
PV2016_3001_16A0227,164834,,Mk10,,,14:25:43 25-Jan-2017,,0,51.8998,-176.5692,CRC,0,0,,36575,3.440,1.000,0.144,2.70,2.5,50.0,-6,,,,,,,,,,,255,25,255,89,16,,,,,,,1095,44,
PV2016_3001_16A0227,164834,,Mk10,,05:01:30 29-Jan-2017,05:01:38 29-Jan-2017,8,3,51.9164,-176.5650,CRC,0,0,,,,1.000,0.112,,3.0,84.0,-6,,,,,,,,,,,254,25,255,89,16,,,,,,,1121,44,
PV2016_3001_16A0227,164834,,Mk10,,15:01:51 29-Jan-2017,15:01:59 29-Jan-2017,8,B,51.9266,-176.5567,CRC,0,0,,,,1.000,0.128,,3.0,84.0,-6,,,,,,,,,,,178,25,255,89,16,,,,,,,1124,44,
PV2016_3001_16A0227,164834,,Mk10,,,17:06:52 29-Jan-2017,,B,51.9027,-176.6105,CRC,0,0,,37215,3.376,1.000,0.116,3.50,2.5,84.0,-5,,,,,,,,,,,252,25,255,89,16,,,,,,,1125,44,
PV2016_3001_16A0227,164834,,Mk10,,05:22:22 01-Feb-2017,05:22:29 01-Feb-2017,7,3,51.9202,-176.5521,CRC,0,0,,,,1.000,0.124,,2.0,110.0,-6,,,,,,,,,,,255,24,255,89,16,,,,,,,1146,46,
PV2016_3001_16A0227,164834,,Mk10,,,04:49:55 02-Feb-2017,,3,51.9171,-176.5717,CRC,0,0,,37727,3.376,1.000,0.120,1.90,3.0,118.0,-6,,,,,,,,,,,249,24,255,89,16,,,,,,,1154,47,
PV2016_3001_16A0227,164834,,Mk10,,,01:16:16 07-Feb-2017,,2,51.9073,-176.5941,CRC,1,0,,38431,3.504,1.008,0.120,6.10,2.5,98.0,-6,,,,,,,,,,,255,25,255,89,16,,,,,,,1194,49,
PV2016_3001_16A0227,164834,,Mk10,,,08:25:26 12-Feb-2017,,A,51.8986,-176.4821,CRC,0,0,,39263,3.440,1.000,0.096,3.90,2.5,98.0,-6,,,,,,,,,,,232,24,255,89,16,,,,,,,1240,54,
PV2016_3001_16A0227,164834,,Mk10,,,05:18:04 14-Feb-2017,,3,51.9115,-176.5748,CRC,0,0,,39519,3.440,1.000,0.120,3.30,2.0,110.0,-5,,,,,,,,,,,232,25,255,89,16,,,,,,,1256,55,
PV2016_3001_16A0227,164834,,Mk10,,,08:21:00 15-Feb-2017,,B,51.8950,-176.5303,CRC,0,0,,39711,3.440,1.000,0.124,4.10,2.0,6.0,-6,,,,,,,,,,,192,25,255,89,16,,,,,,,1265,55,
PV2016_3001_16A0227,164834,,Mk10,,,01:11:32 16-Feb-2017,,3,51.9190,-176.5717,CRC,0,0,,39775,3.440,1.000,0.116,2.40,2.5,110.0,-6,,,,,,,,,,,191,25,255,89,16,,,,,,,1270,55,
PV2016_3001_16A0227,164834,,Mk10,,02:55:35 16-Feb-2017,02:55:43 16-Feb-2017,8,2,51.9235,-176.5777,CRC,0,0,,,,1.000,0.136,,2.0,110.0,-5,,,,,,,,,,,240,25,255,89,16,,,,,,,1271,55,
PV2016_3001_16A0227,164834,,Mk10,,,08:06:47 18-Feb-2017,,B,51.9062,-176.5370,CRC,0,0,,40159,3.440,1.000,0.104,4.00,2.5,6.0,-6,,,,,,,,,,,253,25,255,89,16,,,,,,,1290,57,
PV2016_3001_16A0227,164834,,Mk10,,,06:08:49 22-Feb-2017,,A,51.9078,-176.6005,CRC,0,0,,40735,3.376,1.000,0.128,4.30,2.5,114.0,-5,,,,,,,,,,,255,25,255,89,16,,,,,,,1320,58,
PV2016_3001_16A0227,164834,,Mk10,,,04:29:25 23-Feb-2017,,3,51.9142,-176.5749,CRC,0,0,,40927,3.440,1.008,0.100,2.20,2.5,122.0,-4,,,,,,,,,,,255,22,255,89,16,,,,,,,1328,59,
PV2016_3001_16A0227,164834,,Mk10,,01:48:36 03-Mar-2017,01:48:45 03-Mar-2017,9,1,51.9173,-176.5669,CRC,0,0,,,,1.000,0.140,,2.5,114.0,-5,,,,,,,,,,,255,25,255,89,16,,,,,,,1391,63,
PV2016_3001_16A0227,164834,,Mk10,,05:20:15 03-Mar-2017,05:20:24 03-Mar-2017,9,1,51.9253,-176.5591,CRC,0,0,,,,1.000,0.108,,2.5,114.0,-6,,,,,,,,,,,255,25,255,89,16,,,,,,,1394,65,
PV2016_3001_16A0227,164834,,Mk10,,,06:14:04 03-Mar-2017,,2,51.9147,-176.5947,CRC,0,0,,42143,3.440,1.000,0.120,3.70,2.5,114.0,-5,,,,,,,,,,,255,25,255,89,16,,,,,,,1394,64,
PV2016_3001_16A0227,164834,,Mk10,,06:51:40 04-Mar-2017,06:51:49 04-Mar-2017,9,3,51.9095,-176.5631,CRC,0,0,,,,1.000,0.120,,3.0,116.0,-6,,,,,,,,,,,220,25,255,89,16,,,,,,,1402,64,
PV2016_3001_16A0227,164834,,Mk10,,,01:22:09 05-Mar-2017,,3,51.9070,-176.6021,CRC,1,0,,42335,3.568,1.000,0.076,14.10,3.5,110.0,-6,,,,,,,,,,,255,25,255,89,16,,,,,,,1408,65,
PV2016_3001_16A0227,164834,,Mk10,,,04:52:57 06-Mar-2017,,2,51.9055,-176.6104,CRC,1,0,,42591,3.504,1.000,0.104,18.80,2.5,116.0,-5,,,,,,,,,,,255,25,255,89,16,,,,,,,1418,66,
PV2016_3001_16A0227,164834,,Mk10,,,02:41:44 07-Mar-2017,,B,51.8965,-176.7240,CRC,0,0,,42655,3.440,1.000,0.132,4.60,2.5,52.0,-5,,,,,,,,,,,255,24,255,89,16,,,,,,,1425,66,
PV2016_3001_16A0227,164834,,Mk10,,,02:18:51 09-Mar-2017,,0,51.8805,-176.7333,CRC,0,0,,42975,3.440,0.984,0.104,5.20,2.5,98.0,-6,,,,,,,,,,,255,21,255,89,16,,,,,,,1439,66,
PV2016_3001_16A0227,164834,,Mk10,,04:13:55 09-Mar-2017,04:14:04 09-Mar-2017,9,1,51.9063,-176.6214,CRC,0,0,,,,1.000,0.112,,2.5,98.0,-5,,,,,,,,,,,255,21,255,89,16,,,,,,,1440,66,
PV2016_3001_16A0227,164834,,Mk10,,08:42:17 10-Mar-2017,08:42:26 10-Mar-2017,9,B,51.9109,-176.5554,CRC,0,0,,,,1.000,0.136,,3.0,92.0,-6,,,,,,,,,,,255,21,255,89,16,,,,,,,1449,66,
PV2016_3001_16A0227,164834,,Mk10,,,02:50:09 11-Mar-2017,,2,51.9053,-176.5965,CRC,1,0,,43295,3.504,1.000,0.116,30.20,3.0,102.0,-6,,,,,,,,,,,255,24,255,89,16,,,,,,,1456,67,
PV2016_3001_16A0227,164834,,Mk10,,,08:51:58 12-Mar-2017,,3,51.9119,-176.5609,CRC,1,0,,43487,3.376,1.000,0.108,2.40,1.5,72.0,-4,,,,,,,,,,,255,25,255,89,16,,,,,,,1465,67,
PV2016_3001_16A0227,164834,,Mk10,,,05:27:43 13-Mar-2017,,3,51.9117,-176.5618,CRC,0,0,,43615,3.376,1.000,0.116,4.60,2.0,12.0,-4,,,,,,,,,,,125,25,255,89,16,,,,,,,1472,67,
PV2016_3001_16A0227,164834,,Mk10,,06:47:29 13-Mar-2017,06:47:39 13-Mar-2017,10,B,51.9126,-176.5546,CRC,0,0,,,,1.000,0.140,,2.5,12.0,-3,,,,,,,,,,,150,25,255,89,16,,,,,,,1472,67,
PV2016_3001_16A0227,164834,,Mk10,,06:24:55 16-Mar-2017,06:25:05 16-Mar-2017,10,2,51.9077,-176.6003,CRC,0,0,,,,1.000,0.108,,1.5,10.0,-4,,,,,,,,,,,250,24,255,89,16,,,,,,,1495,67,
PV2016_3001_16A0227,164834,,Mk10,,09:41:47 19-Mar-2017,09:41:57 19-Mar-2017,10,B,51.8749,-176.5344,CRC,0,0,,,,1.000,0.116,,1.5,108.0,-4,,,,,,,,,,,236,25,255,89,16,,,,,,,1521,68,
PV2016_3001_16A0227,164834,,Mk10,,01:54:16 20-Mar-2017,01:54:26 20-Mar-2017,10,2,51.9088,-176.5951,CRC,1,0,,,,1.000,0.104,,1.0,120.0,-2,,,,,,,,,,,255,24,255,89,16,,,,,,,1526,68,
PV2016_3001_16A0227,164834,,Mk10,,06:38:28 22-Mar-2017,06:38:39 22-Mar-2017,11,B,51.8974,-176.6353,CRC,0,0,,,,1.000,0.120,,2.0,110.0,-4,,,,,,,,,,,134,25,255,89,16,,,,,,,1542,68,
PV2016_3001_16A0227,164834,,Mk10,,04:24:56 23-Mar-2017,04:25:06 23-Mar-2017,10,B,51.8980,-176.5864,CRC,1,0,,,,1.000,0.108,,1.5,114.0,-2,,,,,,,,,,,255,24,255,89,16,,,,,,,1549,68,
PV2016_3001_16A0227,164834,,Mk10,,04:24:16 25-Mar-2017,04:24:27 25-Mar-2017,11,A,51.9335,-176.5609,CRC,0,0,,,,1.008,0.116,,1.5,114.0,-3,,,,,,,,,,,159,25,255,89,16,,,,,,,1566,69,
PV2016_3001_16A0227,164834,,Mk10,,,15:57:30 26-Mar-2017,,2,51.8899,-176.6282,CRC,0,0,,45599,3.440,1.000,0.128,4.20,2.0,108.0,-4,,,,,,,,,,,197,25,255,89,16,,,,,,,1578,69,
PV2016_3001_16A0227,164834,,Mk10,,06:56:18 27-Mar-2017,06:56:29 27-Mar-2017,11,A,51.9288,-176.5505,CRC,0,0,,,,1.000,0.124,,1.5,104.0,-4,,,,,,,,,,,206,24,255,89,16,,,,,,,1583,69,
PV2016_3001_16A0227,164834,,Mk10,,,04:03:06 28-Mar-2017,,3,51.9201,-176.5742,CRC,1,0,,45855,3.504,1.000,0.108,4.30,2.5,118.0,-4,,,,,,,,,,,255,24,255,89,16,,,,,,,1590,69,
PV2016_3001_16A0227,164834,,Mk10,,,05:36:58 28-Mar-2017,,0,51.9262,-176.5456,CRC,1,0,,45919,3.504,1.008,0.108,8.20,1.0,118.0,-2,,,,,,,,,,,255,24,255,89,16,,,,,,,1590,69,
PV2016_3001_16A0227,164834,,Mk10,,,15:57:01 29-Mar-2017,,B,51.8859,-176.5598,CRC,0,0,,46047,3.440,1.000,0.124,4.20,2.0,12.0,-4,,,,,,,,,,,232,24,255,89,16,,,,,,,1602,70,
PV2016_3001_16A0227,164834,,Mk10,,,06:55:15 31-Mar-2017,,B,51.9422,-176.5804,CRC,0,0,,46303,3.440,1.000,0.120,3.50,1.5,120.0,-3,,,,,,,,,,,246,25,255,89,16,,,,,,,1616,71,
PV2016_3001_16A0227,164834,,Mk10,,02:44:08 02-Apr-2017,02:44:19 02-Apr-2017,11,3,51.9029,-176.6097,CRC,1,0,,,,1.000,0.108,,2.0,18.0,-4,,,,,,,,,,,255,25,255,89,16,,,,,,,1630,71,
PV2016_3001_16A0227,164834,,Mk10,,05:17:44 02-Apr-2017,05:17:55 02-Apr-2017,11,3,51.9033,-176.6083,CRC,1,0,,,,1.000,0.112,,1.5,18.0,-4,,,,,,,,,,,255,25,255,89,16,,,,,,,1630,71,
PV2016_3001_16A0227,164834,,Mk10,,,02:28:29 03-Apr-2017,,B,51.9232,-176.5948,CRC,0,0,,46687,3.440,1.000,0.128,5.00,2.0,82.0,-3,,,,,,,,,,,255,21,255,79,16,,,,,,,1637,71,
PV2016_3001_16A0227,164834,,Mk10,,04:14:40 04-Apr-2017,04:14:51 04-Apr-2017,11,2,51.9054,-176.6006,CRC,1,0,,,,1.000,0.104,,2.0,50.0,-2,,,,,,,,,,,255,24,255,79,16,,,,,,,1645,71,
PV2016_3001_16A0227,164834,,Mk10,,,05:03:07 07-Apr-2017,,A,51.9199,-176.5834,CRC,0,0,,47327,3.440,1.000,0.128,3.60,1.5,24.0,-3,,,,,,,,,,,229,24,255,79,16,,,,,,,1668,71,
PV2016_3001_16A0227,164834,,Mk10,,05:35:07 09-Apr-2017,05:35:19 09-Apr-2017,12,B,51.9152,-176.5512,CRC,0,0,,,,1.000,0.132,,1.0,24.0,-4,,,,,,,,,,,235,24,255,79,16,,,,,,,1685,73,
PV2016_3001_16A0227,164834,,Mk10,,04:10:13 12-Apr-2017,04:10:24 12-Apr-2017,11,B,51.9098,-176.6054,CRC,0,0,,,,1.000,0.104,,1.5,20.0,-4,,,,,,,,,,,236,24,255,79,16,,,,,,,1707,73,
PV2016_3001_16A0227,164834,,Mk10,,,06:04:19 12-Apr-2017,,1,51.9153,-176.5590,CRC,0,0,,48095,3.376,1.000,0.132,4.50,1.5,20.0,-2,,,,,,,,,,,255,24,255,79,16,,,,,,,1707,73,
PV2016_3001_16A0227,164834,,Mk10,,16:37:10 13-Apr-2017,16:37:21 13-Apr-2017,11,3,51.9195,-176.5683,CRC,0,0,,,,1.000,0.104,,2.0,14.0,-3,,,,,,,,,,,255,24,255,79,16,,,,,,,1719,73,
PV2016_3001_16A0227,164834,,Mk10,,05:24:14 14-Apr-2017,05:24:26 14-Apr-2017,12,A,51.9265,-176.5916,CRC,0,0,,,,1.000,0.120,,2.0,26.0,-3,,,,,,,,,,,255,24,255,79,16,,,,,,,1724,74,
PV2016_3001_16A0227,164834,,Mk10,,,08:16:51 14-Apr-2017,,B,51.9191,-176.6013,CRC,0,0,,48415,3.440,1.000,0.132,4.30,2.0,26.0,-4,,,,,,,,,,,193,24,255,79,16,,,,,,,1725,74,
PV2016_3001_16A0227,164834,,Mk10,,01:42:21 16-Apr-2017,01:42:32 16-Apr-2017,11,3,51.9205,-176.5879,CRC,0,0,,,,1.000,0.124,,2.5,22.0,-4,,,,,,,,,,,255,25,255,79,16,,,,,,,1737,74,
PV2016_3001_16A0227,164834,,Mk10,,06:15:37 16-Apr-2017,06:15:48 16-Apr-2017,11,3,51.9353,-176.5780,CRC,0,0,,,,1.000,0.136,,2.0,22.0,-2,,,,,,,,,,,168,25,255,79,16,,,,,,,1738,74,
PV2016_3001_16A0227,164834,,Mk10,,05:05:30 17-Apr-2017,05:05:42 17-Apr-2017,12,A,51.9166,-176.6028,CRC,0,0,,,,1.000,0.112,,1.5,22.0,-3,,,,,,,,,,,238,24,255,79,16,,,,,,,1745,75,
PV2016_3001_16A0227,164834,,Mk10,,,06:01:54 18-Apr-2017,,B,51.9030,-176.6068,CRC,0,0,,49055,3.440,1.000,0.120,6.30,1.5,26.0,-2,,,,,,,,,,,255,24,255,79,16,,,,,,,1752,74,
PV2016_3001_16A0227,164834,,Mk10,,,04:49:18 20-Apr-2017,,2,51.9304,-176.5516,CRC,0,0,,49311,3.504,1.000,0.112,6.10,1.5,14.0,-4,,,,,,,,,,,234,24,255,79,16,,,,,,,1770,77,
PV2016_3001_16A0227,164834,,Mk10,,05:48:47 22-Apr-2017,05:48:59 22-Apr-2017,12,1,51.9256,-176.5987,CRC,0,0,,,,1.000,0.060,,2.0,26.0,-3,,,,,,,,,,,255,24,255,79,16,,,,,,,1786,77,
PV2016_3001_16A0227,164834,,Mk10,,,06:08:11 24-Apr-2017,,A,51.9031,-176.5962,CRC,0,0,,49887,3.440,1.000,0.112,5.70,1.5,24.0,-3,,,,,,,,,,,128,24,255,79,16,,,,,,,1802,77,
PV2016_3001_16A0227,164834,,Mk10,,,05:04:17 25-Apr-2017,,B,51.9128,-176.5910,CRC,0,0,,50015,3.440,1.000,0.128,5.80,2.0,4.0,-3,,,,,,,,,,,255,25,255,79,16,,,,,,,1809,77,
PV2016_3001_16A0227,164834,,Mk10,,06:40:04 26-Apr-2017,06:40:16 26-Apr-2017,12,B,51.9055,-176.5943,CRC,0,0,,,,1.000,0.124,,2.0,20.0,-4,,,,,,,,,,,255,24,255,79,16,,,,,,,1817,77,
PV2016_3001_16A0227,164834,,Mk10,,08:24:56 28-Apr-2017,08:25:08 28-Apr-2017,12,1,51.9384,-176.5737,CRC,0,0,,,,1.000,0.112,,2.0,20.0,-5,,,,,,,,,,,203,24,255,79,16,,,,,,,1833,78,
PV2016_3001_16A0227,164834,,Mk10,,02:18:45 30-Apr-2017,02:18:57 30-Apr-2017,12,A,51.9173,-176.6756,CRC,0,0,,,,1.000,0.132,,1.0,20.0,-3,,,,,,,,,,,255,25,255,79,16,,,,,,,1846,78,
PV2016_3001_16A0227,164834,,Mk10,,,04:40:36 30-Apr-2017,,1,51.8944,-176.5709,CRC,0,0,,50783,3.440,1.000,0.116,5.30,2.0,20.0,-4,,,,,,,,,,,228,25,255,79,16,,,,,,,1847,78,
PV2016_3001_16A0227,164834,,Mk10,,,06:56:51 30-Apr-2017,,2,51.9129,-176.5810,CRC,0,0,,50847,3.376,1.000,0.104,4.70,1.5,20.0,-4,,,,,,,,,,,255,25,255,79,16,,,,,,,1848,78,
PV2016_3001_16A0227,164834,,Mk10,,,02:09:36 01-May-2017,,B,51.9141,-176.5733,CRC,0,0,,50911,3.440,1.008,0.108,5.10,2.0,14.0,-3,,,,,,,,,,,221,24,255,79,16,,,,,,,1854,78,
PV2016_3001_16A0227,164834,,Mk10,,,04:30:52 02-May-2017,,1,51.9278,-176.5861,CRC,0,0,,51103,3.440,1.000,0.120,7.80,2.5,12.0,-4,,,,,,,,,,,195,24,255,79,16,,,,,,,1863,78,
PV2016_3001_16A0227,164834,,Mk10,,,06:13:46 02-May-2017,,3,51.9304,-176.5802,CRC,0,0,,51167,3.376,1.000,0.132,7.50,2.0,12.0,-4,,,,,,,,,,,235,24,255,79,16,,,,,,,1864,79,
PV2016_3001_16A0227,164834,,Mk10,,04:54:51 06-May-2017,04:55:03 06-May-2017,12,2,51.9227,-176.5865,CRC,0,0,,,,1.000,0.100,,2.0,24.0,-2,,,,,,,,,,,187,24,255,79,16,,,,,,,1898,81,
PV2016_3001_16A0227,164834,,Mk10,,04:10:04 07-May-2017,04:10:17 07-May-2017,13,2,51.9149,-176.5977,CRC,0,0,,,,1.000,0.104,,1.5,24.0,-3,,,,,,,,,,,209,24,255,79,16,,,,,,,1906,82,
PV2016_3001_16A0227,164834,,Mk10,,06:36:05 09-May-2017,06:36:18 09-May-2017,13,1,51.9081,-176.6058,CRC,0,0,,,,1.000,0.120,,2.0,24.0,-4,,,,,,,,,,,255,24,255,79,16,,,,,,,1922,82,
PV2016_3001_16A0227,164834,,Mk10,,05:40:21 11-May-2017,05:40:34 11-May-2017,13,3,51.9062,-176.6084,CRC,0,0,,,,1.000,0.112,,1.5,52.0,-4,,,,,,,,,,,255,23,255,79,16,,,,,,,1938,82,
PV2016_3001_16A0227,164834,,Mk10,,02:27:10 15-May-2017,02:27:23 15-May-2017,13,1,51.9295,-176.5909,CRC,0,0,,,,1.008,0.104,,2.5,20.0,-4,,,,,,,,,,,216,24,255,79,16,,,,,,,1970,84,
PV2016_3001_16A0227,164834,,Mk10,,,08:17:17 15-May-2017,,1,51.9242,-176.6273,CRC,0,0,,53087,3.440,1.000,0.116,5.60,2.0,20.0,-4,,,,,,,,,,,233,24,255,79,16,,,,,,,1972,84,
PV2016_3001_16A0227,164834,,Mk10,,,02:43:56 16-May-2017,,B,51.8986,-176.5892,CRC,0,0,,53151,3.440,0.992,0.120,5.30,1.5,10.0,-3,,,,,,,,,,,255,24,255,79,16,,,,,,,1979,85,
PV2016_3001_16A0227,164834,,Mk10,,,08:40:16 17-May-2017,,B,51.9157,-176.5726,CRC,0,0,,53407,3.376,1.000,0.120,5.00,2.0,6.0,-4,,,,,,,,,,,183,25,255,79,16,,,,,,,1989,85,
PV2016_3001_16A0227,164834,,Mk10,,,02:15:01 18-May-2017,,2,51.9043,-176.6172,CRC,1,0,,53471,3.504,1.008,0.112,12.60,2.0,6.0,-4,,,,,,,,,,,255,21,255,79,16,,,,,,,1994,85,
PV2016_3001_16A0227,164834,,Mk10,,04:01:28 18-May-2017,04:01:41 18-May-2017,13,B,51.9051,-176.6080,CRC,1,0,,,,1.000,0.112,,1.5,6.0,-4,,,,,,,,,,,255,21,255,79,16,,,,,,,1994,85,
PV2016_3001_16A0227,164834,,Mk10,,06:56:53 18-May-2017,06:57:07 18-May-2017,14,A,51.9054,-176.6221,CRC,0,0,,,,1.000,0.104,,2.0,6.0,-4,,,,,,,,,,,126,21,255,79,16,,,,,,,1995,85,
PV2016_3001_16A0227,164834,,Mk10,,01:57:12 20-May-2017,01:57:25 20-May-2017,13,3,51.9061,-176.6094,CRC,1,0,,,,1.000,0.112,,2.0,6.0,-3,,,,,,,,,,,255,24,255,79,16,,,,,,,2010,86,
PV2016_3001_16A0227,164834,,Mk10,,,05:17:57 20-May-2017,,3,51.9059,-176.6043,CRC,1,0,,53855,3.504,0.992,0.128,14.40,1.5,6.0,-3,,,,,,,,,,,255,24,255,79,16,,,,,,,2010,86,
PV2016_3001_16A0227,164834,,Mk10,,06:53:00 21-May-2017,06:53:13 21-May-2017,13,3,51.8736,-176.5976,CRC,0,0,,,,0.992,0.112,,2.5,76.0,-4,,,,,,,,,,,255,23,255,79,16,,,,,,,2020,87,
PV2016_3001_16A0227,164834,,Mk10,,,08:58:38 23-May-2017,,1,51.8700,-176.6222,CRC,0,0,,54303,3.440,0.992,0.112,4.70,2.5,46.0,-4,,,,,,,,,,,255,24,255,79,16,,,,,,,2036,87,
PV2016_3001_16A0227,164834,,Mk10,,,02:47:18 02-Jun-2017,,3,51.8675,-176.6109,CRC,1,0,,55743,3.440,1.000,0.124,13.50,1.5,84.0,-5,,,,,,,,,,,255,23,255,79,16,,,,,,,2127,102,
PV2016_3001_16A0227,164834,,Mk10,,01:56:07 06-Jun-2017,01:56:21 06-Jun-2017,14,1,51.8679,-176.6194,CRC,0,0,,,,1.000,0.124,,2.0,80.0,-4,,,,,,,,,,,255,21,255,79,16,,,,,,,2159,103,
PV2016_3001_16A0227,164834,,Mk10,,,06:37:25 07-Jun-2017,,B,51.8663,-176.6065,CRC,0,0,,56511,3.376,1.000,0.112,5.70,2.5,92.0,-6,,,,,,,,,,,224,22,255,79,16,,,,,,,2168,103,
PV2016_3001_16A0227,164834,,Mk10,,,08:27:22 08-Jun-2017,,1,51.8719,-176.5901,CRC,0,0,,56703,3.376,1.000,0.124,6.30,2.5,82.0,-4,,,,,,,,,,,255,24,255,79,16,,,,,,,2177,103,
PV2016_3001_16A0227,164834,,Mk10,,01:23:01 09-Jun-2017,01:23:15 09-Jun-2017,14,1,51.8655,-176.6161,CRC,0,0,,,,1.000,0.156,,2.0,96.0,-3,,,,,,,,,,,255,23,255,79,16,,,,,,,2182,103,
PV2016_3001_16A0227,164834,,Mk10,,05:31:42 09-Jun-2017,05:31:56 09-Jun-2017,14,2,51.8697,-176.6068,CRC,0,0,,,,1.000,0.144,,2.0,96.0,-4,,,,,,,,,,,255,23,255,79,16,,,,,,,2183,103,
PV2016_3001_16A0227,164834,,Mk10,,02:55:00 10-Jun-2017,02:55:14 10-Jun-2017,14,A,51.8745,-176.5893,CRC,0,0,,,,1.000,0.132,,2.0,100.0,-5,,,,,,,,,,,255,20,255,79,16,,,,,,,2190,103,
PV2016_3001_16A0227,164834,,Mk10,,02:17:06 13-Jun-2017,02:17:20 13-Jun-2017,14,1,51.9078,-176.6001,CRC,0,0,,,,1.000,0.124,,2.0,86.0,-4,,,,,,,,,,,255,24,255,79,16,,,,,,,2219,108,
PV2016_3001_16A0227,164834,,Mk10,,,05:35:07 14-Jun-2017,,1,51.9009,-176.5867,CRC,0,0,,57599,3.376,1.000,0.140,6.80,2.0,82.0,-4,,,,,,,,,,,126,21,255,79,16,,,,,,,2229,109,
PV2016_3001_16A0227,164834,,Mk10,,06:59:00 15-Jun-2017,06:59:15 15-Jun-2017,15,B,51.8683,-176.6039,CRC,0,0,,,,1.000,0.112,,2.5,90.0,-4,,,,,,,,,,,115,24,255,79,16,,,,,,,2239,111,
PV2016_3001_16A0227,164834,,Mk10,,04:39:47 19-Jun-2017,04:40:02 19-Jun-2017,15,1,51.8608,-176.5741,CRC,0,0,,,,1.000,0.128,,2.5,98.0,-5,,,,,,,,,,,255,23,255,79,16,,,,,,,2272,113,
PV2016_3001_16A0227,164834,,Mk10,,08:00:00 19-Jun-2017,08:00:15 19-Jun-2017,15,B,51.8605,-176.5758,CRC,0,0,,,,1.000,0.136,,2.0,98.0,-4,,,,,,,,,,,255,23,255,79,16,,,,,,,2273,113,
PV2016_3001_16A0227,164834,,Mk10,,,01:54:33 24-Jun-2017,,2,51.9071,-176.5949,CRC,1,0,,59007,3.312,1.000,0.112,10.80,2.5,8.0,-5,,,,,,,,,,,255,23,255,79,16,,,,,,,2318,121,
PV2016_3001_16A0227,164834,,Mk10,,05:14:48 24-Jun-2017,05:15:03 24-Jun-2017,15,3,51.9070,-176.6061,CRC,1,0,,,,1.008,0.124,,2.5,8.0,-5,,,,,,,,,,,255,23,255,79,16,,,,,,,2318,121,
PV2016_3001_16A0227,164834,,Mk10,,,05:04:32 25-Jun-2017,,2,51.8944,-176.6205,CRC,0,0,,59199,3.120,1.000,0.136,8.10,2.0,8.0,-4,,,,,,,,,,,255,23,255,79,16,,,,,,,2326,121,
PV2016_3001_16A0227,164834,,Mk10,,06:41:09 25-Jun-2017,06:41:24 25-Jun-2017,15,A,51.8969,-176.6200,CRC,0,0,,,,1.000,0.116,,1.5,8.0,-4,,,,,,,,,,,194,23,255,79,16,,,,,,,2326,121,
PV2016_3001_16A0227,164834,,Mk10,,04:32:07 27-Jun-2017,04:32:22 27-Jun-2017,15,3,51.8660,-176.6124,CRC,0,0,,,,1.000,0.120,,1.5,78.0,-4,,,,,,,,,,,131,20,255,79,16,,,,,,,2344,124,
